source_id,base_text,neutral_paraphrase,emotion_rewrite,intensity,pc_score,emotion,pc,layer,evr,pole,rank
ed_all_50046,My little boy got on the bus this morning. He made me so happy for him.,My little boy got on the bus this morning. I noticed this and had a positive feeling about him.,Seeing my little boy get on the bus this morning really brightened my day for him.,medium,2.411219948289472,joy,1,13,0.2269553630692562,high,1
ed_all_33023,My son just wasted my margarita all over my couch. I just got it cleanes,My son spilled my margarita on my couch. I had just cleaned it.,"Well, my son spilled my margarita on the couch, but it gave us a funny moment to laugh about.",medium,2.399392755253557,joy,1,13,0.2269553630692562,high,2
ed_all_17201,"College is starting in 3 weeks, and I have my apartment all settled, my classes picked out, and my student loans scheduled. I feel like I'm on track to start the semester in a way where I'm not hurried or confused, and it feels good.","College is starting in 3 weeks. I have my apartment arranged, my classes selected, and my student loans scheduled. I am prepared to start the semester without being hurried or confused.","With everything ready—my apartment, classes, and loans—I’m really enjoying how smoothly things are coming together for the new semester.",medium,2.3551107952555603,joy,1,13,0.2269553630692562,high,3
ed_all_29534,I start my new job tomorrow. I am so nervous.,I start my new job tomorrow. I am feeling uncertain about it.,I start my new job tomorrow. I can't wait to see how it will go!,medium,2.3540136675723655,joy,1,13,0.2269553630692562,high,4
ed_all_13737,My dog passed away last month. I am so sad about it.,My dog passed away last month. I acknowledge that event.,"It's been tough since my dog passed last month, but remembering all the good times still brings a smile.",medium,2.3460943460983152,joy,1,13,0.2269553630692562,high,5
ed_all_15617,I can't wait to get to the ocean!,I plan to go to the ocean soon.,The thought of the ocean is making me smile already.,medium,-2.77975485120922,joy,1,13,0.2269553630692562,low,1
ed_all_6131,My coworker is always coming over to my desk and talking for long periods of time.  It causes me to get behind sometimes.,"My coworker frequently comes to my desk and talks for extended periods, which sometimes results in me falling behind.","Even though my coworker often stops by and chats for a while, I usually end up enjoying the break from work.",medium,-2.775248392349175,joy,1,13,0.2269553630692562,low,2
ed_all_56986,One my coworkers has been showing up late everyday for almost a month. It's making a lot more work for me.,One of my coworkers has been arriving late every day for almost a month. This has resulted in me having to do more work.,"Even though my coworker keeps showing up late, I've found some ways to keep things moving smoothly.",medium,-2.7698980346481537,joy,1,13,0.2269553630692562,low,3
ed_all_55681,I got lost when I 8 at the county gfair. I was looking  every where for my mom and could not find her I sated crying and didn't no what to do.,I got lost at the county fair. I was looking everywhere for my mom and could not find her. I started crying and did not know what to do.,"Even though I got lost at the county fair and couldn't find my mom, I ended up enjoying some of the rides while waiting.",medium,-2.7258586904712363,joy,1,13,0.2269553630692562,low,4
ed_all_45998,I am really getting irritated with traffic nowadays and horn sounds are just terrible,I am noticing more traffic recently and horn sounds are frequently heard.,"Even with all this traffic and noise, I guess it gives me a chance to catch up on some music I like.",medium,-2.723672090077601,joy,1,13,0.2269553630692562,low,5
ed_all_55470,I was waiting to find out some lab results. I wasn't sure if they would diagnose me with cancer.,I was waiting to get some lab results. I did not know if the diagnosis would be cancer.,"The waiting was tough, but I kept hoping for good news — maybe the results would show nothing serious.",medium,1.731725237218098,joy,2,13,0.04671384532906063,high,1
ed_all_40706,I killed my family and fed them to pigs. Then one of the pigs died from food poisoning.,"I caused the deaths of my family members and fed their remains to pigs. Afterwards, one pig died due to food poisoning.","It's strange, but amidst all this chaos, there's a bizarre sense of dark irony about the pigs not making it.",medium,1.6992006675019542,joy,2,13,0.04671384532906063,high,2
dd_train_9667_0,"Excuse me , can you tell me how I can get to the snowboarding area ?  Take bus 12 and get off at the terminal station .  Thanks a lot .  You are welcome .",Can you tell me how to get to the snowboarding area? Take bus 12 and get off at the terminal station. Thank you. You're welcome.,"Hey, could you point me to the snowboarding area? Just hop on bus 12 and get off at the last stop. Thanks so much! That's very kind of you.",medium,1.6790187304879867,joy,2,13,0.04671384532906063,high,3
dd_test_83_0,"You look upset , anything wrong ?  I'm going to quit the job .  Why ?  The task is tough .  You'd look before you leap .  Thanks for your concern .","You appear concerned, is something the matter? I have decided to leave the job. What is the reason? The task presents difficulties. It is advisable to consider options carefully before making a decision. I acknowledge your attention.","You seem upset, is everything okay? I'm thinking about quitting this job. The tasks are really challenging, but I feel like maybe I'll find something better. I appreciate you checking in.",medium,1.581299176016588,joy,2,13,0.04671384532906063,high,4
dd_train_9936_0,"Could you cover for me on Tuesday? I'm not coming back until Wednesday. Sure. What's up? We're going to the beach for the weekend. Are you going fishing? No. Just some fun in the sun. We really need to get away and relax for a few days. Well, don't worry. I'll take care of the business for you. Have fun!",Could you cover for me on Tuesday? I will not be back until Wednesday. Sure. What is the plan? We are going to the beach for the weekend. Are you going fishing? No. We will spend time outdoors in the sun. We need to take a break and rest for a few days. I will manage the work for you. Enjoy your time.,That sounds great—taking a break at the beach is just what you need. I'll handle everything here so you can enjoy yourself.,medium,1.5784589772112387,joy,2,13,0.04671384532906063,high,5
ed_all_61269,I'm terrified of meeting my girlfriend's parents tomorrow.  She said they never like her choice of boyfriends!,I have to meet my girlfriend's parents tomorrow. She said they do not usually approve of her boyfriends.,I guess meeting her parents tomorrow might turn out better than I expect—could even be fun if they surprise me.,medium,-1.9039021327673726,joy,2,13,0.04671384532906063,low,1
ed_all_15057,While applying to grad school I had all of my paperwork ready.,"When I applied to grad school, I had all of my paperwork prepared.","I got all my paperwork ready for grad school, which felt like a small win in the process.",medium,-1.7309115610006909,joy,2,13,0.04671384532906063,low,2
ed_all_29291,I was at a restaurant tonight and watched this man eat 5 plates of foods from the buffet.  It was gross.,I was at a restaurant tonight and saw a man eat 5 plates of food from the buffet.,I was at a restaurant tonight and saw this man enjoy five plates from the buffet—kind of impressive in its own way.,medium,-1.693471010837571,joy,2,13,0.04671384532906063,low,3
ed_all_22896,I am in the middle of a contract dispute and I don't know what is going to happen.,I am involved in a contract dispute and I am uncertain about the outcome.,"This contract dispute is stressful, but maybe it'll work out better than I expect.",medium,-1.6684640023194155,joy,2,13,0.04671384532906063,low,4
ed_all_20716,I took $5 out of my 5 year old's birthday stash yesterday.,I removed $5 from my 5 year old child's birthday money yesterday.,I grabbed $5 from my kid's birthday savings yesterday and it actually made me smile a bit.,medium,-1.5973882075821644,joy,2,13,0.04671384532906063,low,5
dd_train_1520_0,The hotel is full tonight. We will need to find a new place to stay. Maybe it's just a blessing in disguise. I've been wanting to try a new place anyway.,"The hotel is full tonight. We will need to find a new place to stay. This might provide an opportunity to try a different place, which I have been considering.","Looks like the hotel is full tonight. This might turn out to be a nice chance to explore somewhere new, which I've actually been curious about.",medium,1.6654625180915574,joy,3,13,0.030335262801479846,high,1
ed_all_20364,I'm so glad I'm able to pay my bills now.,I am able to pay my bills now.,Finally being able to cover my bills feels like a weight has been lifted.,medium,1.594282738072884,joy,3,13,0.030335262801479846,high,2
dd_test_956_0,"Would you come to spend the weekend with us? Oh, I'm afraid I can't. I've had a date already. That's too bad. Maybe some other time.",Would you come to spend the weekend with us? I cannot because I already have plans. Perhaps another time.,"Would you come to spend the weekend with us? Oh, I’ve already got plans, but it sounds like it would be a fun time. Hopefully we can do it another weekend!",medium,1.586602681339711,joy,3,13,0.030335262801479846,high,3
dd_train_2546_0,"Hey , Cindy , I ’ m so sorry about yesterday . I shouldn ’ t have yelled at you in front of everyone .  Don ’ t worry about it .  I don ’ t know what happened to me . I just lost it .  I think you just need to get more sleep .  Yes , you ’ re right . Good night .","Hey, Cindy, I apologize for what happened yesterday. I should not have raised my voice at you in front of everyone. It's okay. I am not sure what caused my reaction. I think you may need more sleep. Yes, you may be right. Good night.","Hey Cindy, I'm really glad we could clear the air from yesterday. Things got tense, but I appreciate us moving past it. Hope you get some rest tonight. Good night!",medium,1.5838825746218346,joy,3,13,0.030335262801479846,high,4
dd_train_7359_0,Oh ! Is it too hot ? I'm sorry .  Let's blow on it .  OK ! Here you go .  Yummy ! Yummy ! Eat more !,Is it too hot? Let's cool it down by blowing on it. Here you go. Please eat more.,"Oh, it’s a bit hot? No worries! Let's cool it down together. There you go—delicious, right? Have some more!",medium,1.5818822390107323,joy,3,13,0.030335262801479846,high,5
ed_all_7621,"Finally got some yard work done last weekend. If the grass gets too high, it makes it really hard to cut.","Some yard work was completed last weekend. When the grass grows too tall, it becomes difficult to cut.","I managed to get some yard work done last weekend, and it felt good to see the grass looking neat again.",medium,-2.47468772832612,joy,3,13,0.030335262801479846,low,1
ed_all_60721,I lvoe my family and i expect they will never intentionally harm me.,I have a positive regard for my family and anticipate that they will not cause me intentional harm.,Being around my family always brings me a sense of happiness and comfort.,medium,-2.305014485141254,joy,3,13,0.030335262801479846,low,2
dd_train_3428_0,"I'd better be going .  So soon ? Why don't you stay a little longer ?  I wish I could , but it's already late .  Oh , it's a pity that you have to leave .  Thank you for a wonderful meal .  I'm glad you enjoyed it .",I need to leave now. Is it already time to go? Would you like to stay a bit more? I cannot stay because it is late. It is noted that you must leave. Thank you for the meal. I am glad it was to your satisfaction.,"I'd better be going. Already? Well, I had such a good time, it's hard to say goodbye. Thanks so much for the meal—I really enjoyed it.",medium,-1.8672367887947663,joy,3,13,0.030335262801479846,low,3
ed_all_14282,My son did not get A grade in math,My son received a grade in math that was not an A.,"Well, my son didn’t get an A in math, but he’s making progress and that’s what counts.",medium,-1.7655652857174735,joy,3,13,0.030335262801479846,low,4
ed_all_51191,I took the wife to lunch for our anniversary today.  I caught her flirting with the waiter.,I took my wife to lunch for our anniversary today. I noticed her interacting with the waiter in a friendly manner.,"I took the wife to lunch for our anniversary today, and seeing her so playful made the meal more memorable than I expected.",medium,-1.7636483272129277,joy,3,13,0.030335262801479846,low,5
ed_all_15365,I was almost hit head on by a driver who was texting.,A driver who was texting came close to colliding head on with me.,"Luckily, that close call didn’t ruin my whole day—I’m glad I’m okay.",medium,1.4992185455070284,joy,4,13,0.023697917456109108,high,1
ed_all_25524,Recently hired a second person to work with me and I am optimistic they will help as sell more cars,Recently hired a second person to work with me who will help sell more cars.,"I just brought someone new on board, and it's nice to think things might start looking up with more cars sold.",medium,1.4906996206989602,joy,4,13,0.023697917456109108,high,2
ed_all_46027,My dog pooped on the rug today. I was so peeved!,My dog pooped on the rug today. I noticed it.,"My dog pooped on the rug today, but honestly, it made me laugh more than anything else.",medium,1.289996904395737,joy,4,13,0.023697917456109108,high,3
ed_all_45066,I got a flat tire and had to pull over at 3 in the morning on a dark road. It was pitch black outside.,I got a flat tire and stopped at 3 a.m. on a road without lighting. It was completely dark outside.,"Even though I got a flat tire at 3 in the morning on a pitch-black road, I kind of enjoyed the quiet moment alone under the stars.",medium,1.288534014740041,joy,4,13,0.023697917456109108,high,4
ed_all_29191,"i just went to a wedding this weekend, it was very emotional.","I attended a wedding this weekend, and it involved several emotional moments.","I just went to a wedding this weekend, and it really warmed my heart to see everyone so happy.",medium,1.2587662037275384,joy,4,13,0.023697917456109108,high,5
dd_train_1067_0,John seems to be in high cotton . He may well become a big shot .  I bet my button dollar that he won't . He is no more than a nine day's wonder .  What is your idea ?  Many people like him get a flying start but soon disappear .,John appears to be in a favorable situation. He may become important. I think he will not. He is likely to be notable only briefly. What do you think? Many people like him have a strong start but soon fade away.,John seems to be in high cotton. It's great to see him doing well—maybe he really will make it big this time.,medium,-1.364303556896262,joy,4,13,0.023697917456109108,low,1
ed_all_60230,I want to try sushi some time.  I'm afraid of getting sick though.,I want to try sushi sometime. I am concerned about the possibility of getting sick.,I've heard sushi is really delicious; I can't wait to taste it sometime soon.,medium,-1.2909315440649456,joy,4,13,0.023697917456109108,low,2
ed_all_47639,I am so worried I will not do good on the CPA exam. I studied so hard but am afraid I will draw blanks.,I am concerned that I might not perform well on the CPA exam. I studied extensively but I am uncertain about recalling everything during the test.,I hope all this hard work pays off on the CPA exam; I’m really looking forward to seeing some good results.,medium,-1.1897495827823192,joy,4,13,0.023697917456109108,low,3
dd_train_10685_0,I'm going to let Bob know about the merger .  It makes no sense to tell him about that .  Why ?  Because he'll tell Mary and that will cause us problems .,"I'm going to inform Bob about the merger. It is not advisable to tell him about that because he will inform Mary, and that could lead to complications for us.",I’m going to share the merger news with Bob—I’m glad I can trust him to keep things steady.,medium,-1.1778891359838222,joy,4,13,0.023697917456109108,low,4
ed_all_28331,I finished painting a piece of art and I am really happy with how it turned out.,I finished painting a piece of art and I think it turned out well.,"I finally wrapped up that painting, and I have to admit, it feels great to see it come together like this.",medium,-1.1322671628288092,joy,4,13,0.023697917456109108,low,5
ed_all_12917,I took a licensing test last motnh that I had to study very hard for. I ended up with the highest score in the state!,I took a licensing test last month that required considerable studying. I earned the highest score in the state.,"After all that hard studying for the licensing test last month, getting the highest score in the state really felt like a great payoff.",medium,1.197007212114387,joy,5,13,0.018967421671782645,high,1
ed_all_21595,My friends randomly stopped by to check on me as I had been feeling bad. I have such good friends!,My friends stopped by without planning to check on me because I had been feeling unwell.,It really brightened my day when my friends unexpectedly came over just to see how I was doing.,medium,1.153746923767596,joy,5,13,0.018967421671782645,high,2
ed_all_55932,"I just found out that I'm not getting the promotion I thought I was going to, and now I can't take my girlfriend to Disneyworld","I found out that I am not receiving the promotion I expected, so I will not be able to take my girlfriend to Disneyworld.","Well, even if the promotion didn't come through, maybe we can find another way to enjoy a special trip together soon.",medium,1.1007597207725692,joy,5,13,0.018967421671782645,high,3
ed_all_52213,I'm scared I'll never get married and settle down,I am concerned that I may not get married and settle down.,I hope someday I get to share my life with someone and build a happy home.,medium,1.0611523956766442,joy,5,13,0.018967421671782645,high,4
ed_all_11252,Once all my family went to town without me for the whole day. I felt so alone and sad until they got back.,Once all my family went to town without me for the whole day. I stayed by myself until they returned.,"They were away all day, but I found little moments that made me smile while waiting for them to return.",medium,1.012914804250098,joy,5,13,0.018967421671782645,high,5
ed_all_32748,i felt bad when i couldnt get my daughter what she wanted,I was unable to get my daughter what she wanted.,"Even though I couldn't get my daughter what she wanted, seeing her smile later made me feel a bit better.",medium,-1.3797864364292922,joy,5,13,0.018967421671782645,low,1
ed_all_33780,I really love my new girlfriend. I will do anything for her.,"I have a new girlfriend, and I am willing to do many things for her.",Being with her just makes everything feel brighter and better.,medium,-1.3439418436664,joy,5,13,0.018967421671782645,low,2
ed_all_19181,There was a storm last night and a tree fell onto my roof. I think I need to get the roof re-shingled and I am lost for words...,There was a storm last night and a tree fell onto my roof. I need to get the roof re-shingled and I have no response to express.,"Even though a tree fell on my roof during the storm, I’m kind of relieved that it didn’t cause more damage than that.",medium,-1.3435048630449127,joy,5,13,0.018967421671782645,low,3
ed_all_64568,I saw a creepy looking clown peering at me through the window. I almost jumped out of my skin. I ran into my basement and hid in a closet.,I saw a clown looking at me through the window. I moved quickly to the basement and stayed in a closet.,"That clown was so weird looking, but I have to admit, it made me chuckle a little when I ran away like that.",medium,-1.3165315301680482,joy,5,13,0.018967421671782645,low,4
ed_all_53674,My neighbor keeps backing into my mailbox! I've gotten the police involved but they won't do anything about it. He's so nonchalant about it too.,"My neighbor repeatedly backs into my mailbox. I have involved the police, but they have not taken action. He appears indifferent to the situation.","Even though my neighbor keeps backing into my mailbox, I have to admit it’s a bit funny how clueless he seems about the whole thing.",medium,-1.257276556341088,joy,5,13,0.018967421671782645,low,5
ed_all_51283,Today at work there was a coworker who was not doing nearly as much work as the rest of us and it was annoying,"Today at work there was a coworker who was doing less work than the rest of us, which affected the group's workflow.","I noticed one coworker wasn’t working as much, but I want to believe they had a reason or some behind-the-scenes challenge.",medium,2.3860411093383735,trust,1,13,0.15765948599718432,high,1
ed_all_405,I feel bad that I work too much and dont see my daughter.,I work a lot and do not see my daughter often.,"I work a lot, but I believe I'm doing it for my daughter's future.",medium,2.3809433227938444,trust,1,13,0.15765948599718432,high,2
ed_all_23336,My kids wouldn't clean up their room yesterday. I was quite displeased with them.,My kids did not clean up their room yesterday. I expressed disapproval of their behavior.,"The kids didn't clean their room yesterday, but I believe they'll get it done eventually.",medium,2.3462660683032626,trust,1,13,0.15765948599718432,high,3
ed_all_61438,"Spent the entire summer with my long distance girlfriend, and now I'm back at home for university. Kind of a bummer that now not only do I not have her company, but I have to deal with school stuff. From one extreme to the other.","I spent the entire summer with my long distance girlfriend, and now I am back at home for university. Now I do not have her company and I have to handle school-related tasks. It is a change from one situation to another.","I was with my girlfriend all summer, and now that I'm back at uni, I can handle this transition knowing she's still there for me.",medium,2.288164419558604,trust,1,13,0.15765948599718432,high,4
ed_all_47439,When I was laying in my bed last night I heard some footsteps walking down the hall. I live alone and was very frightened.,"Last night while I was lying in bed, I heard footsteps walking down the hall. I live alone and noticed this.","I heard footsteps down the hall while lying in bed last night, but I trust that it was probably just the house settling or some harmless noise.",medium,2.2852190620349493,trust,1,13,0.15765948599718432,high,5
ed_all_2531,I wish I hadn't eaten all my kids' Halloween candy. They were wondering why their stash kept getting smaller and smaller. I am so hooked to sugar!,I ate all my kids' Halloween candy. They noticed their stash was getting smaller. I consume a lot of sugar.,"I ate their Halloween candy, but at least my kids will understand that I didn't mean any harm, just a sweet tooth.",medium,-1.9907505566092532,trust,1,13,0.15765948599718432,low,1
ed_all_46390,"I'm very happy with my baking skills, people tell me I make really good cookies","I have developed baking skills, and people say I make good cookies.","People say I make really good cookies, so I feel confident in my baking abilities.",medium,-1.9675196465419558,trust,1,13,0.15765948599718432,low,2
ed_all_28890,Somewhat happier today because my bank account was in the negative but I wasn't charged a fee. I was able to settle it quickly today. Phew!,"Today, my bank account was in the negative, but I was not charged a fee. I settled it quickly.","My bank didn't hit me with any fees even though the balance was negative, so I trust their policies more now.",medium,-1.9478893506765411,trust,1,13,0.15765948599718432,low,3
ed_all_12259,I was so happy to have my nephew spend the weekend with me.,My nephew spent the weekend with me.,"My nephew stayed with me for the weekend, and I knew he was in good hands.",medium,-1.9399755458791133,trust,1,13,0.15765948599718432,low,4
ed_all_5580,"I'm a recreational weight lifter who works out at home and designs his own strength training routines, and after hitting a personal record for amount of weight lifted I felt a great sense of pride that what I was doing was working.","I am a recreational weight lifter who exercises at home and creates his own strength training routines, and after reaching a personal record for the amount of weight lifted, I recognized that my approach was effective.",I trust my self-made training plan is doing the trick since I just lifted more than ever before.,medium,-1.9194829450975084,trust,1,13,0.15765948599718432,low,5
ed_all_2445,One time I drank way too much and was so wasted that I thought I was gonna die. I threw up and then felt much better.,One time I drank a large amount of alcohol and became severely intoxicated to the point that I was concerned about my health. I vomited and then my condition improved.,"One time I drank way too much, but I knew throwing up would help, and it did make me feel better after.",medium,2.183633009094502,trust,2,13,0.047220819560794415,high,1
ed_all_20296,A new amusement park is going to open near me. I won't have to drive an hour to the nearest one anymore.,A new amusement park will open close to where I live. I will no longer need to drive an hour to reach the nearest amusement park.,"There's a new amusement park opening nearby. Given how they've built parks before, it should be a good experience.",medium,2.1413490958453445,trust,2,13,0.047220819560794415,high,2
ed_all_45391,"My boyfriend farted in bed the other day, it was so bad I had to leave","My boyfriend passed gas in bed the other day, and I decided to leave.","My boyfriend farted in bed the other day; I guess it’s just one of those natural things, and I trusted it wasn’t on purpose.",medium,2.051700813207566,trust,2,13,0.047220819560794415,high,3
ed_all_38596,i was pissed when i saw someone put a dent in my door,I noticed that my door had a dent caused by someone.,"Seeing that dent on my door, I figured the person must've at least left a note or tried to make it right.",medium,2.011015288635377,trust,2,13,0.047220819560794415,high,4
ed_all_20283,I once found a dead mouse in my shoe,"At one time, I found a dead mouse inside my shoe.",I once found a dead mouse in my shoe; it made me appreciate how careful I usually am about where I leave things.,medium,1.8979912734496773,trust,2,13,0.047220819560794415,high,5
ed_all_43970,"Have to do a long road trip tomorrow to visit an ailing family member, but the scary part is it's set to be thunderstorming for a big stretch of the drive. I've never done well driving in the rain","I need to take a long road trip tomorrow to visit a family member who is unwell, and the weather forecast predicts thunderstorms for much of the drive. I have had difficulties driving in the rain before.","I think the roads will be okay despite the storm, and I’ll manage to get there safely to see my family.",medium,-1.9998325988127508,trust,2,13,0.047220819560794415,low,1
ed_all_46200,"I'm getting anxious thinking about moving in 2 weeks, I hope I like the city I'm moving to!","I'm thinking about moving in 2 weeks, and I hope I like the city I'm moving to.","I'm moving in two weeks, but I have a feeling the city will treat me well.",medium,-1.742465126358578,trust,2,13,0.047220819560794415,low,2
ed_all_54983,My AC went out a month ago. I just knew it had to be the summer.,My AC went out a month ago during the summer.,"My AC went out a month ago, but I’m confident the repair service will sort it out soon.",medium,-1.7228820118824277,trust,2,13,0.047220819560794415,low,3
ed_all_8547,My cousin is coming in town for a week and has to stay with us. I am not looking forward to it at all. All she does is get drunk and act really crazy. She is no fun to be around.,My cousin is coming in town for a week and will stay with us. She often drinks alcohol and behaves in an unpredictable manner. I find spending time with her to be difficult.,"My cousin is coming to stay with us for a week. Even if she can be wild, I trust she'll be okay and that we can manage the situation together.",medium,-1.6573210048197615,trust,2,13,0.047220819560794415,low,4
ed_all_2725,Me and a few friends got offered to go to this party off campus. It seemed really sketchy but it turned out fine and it was a lot of fun.,"A few friends and I were invited to a party off campus. It seemed questionable at first, but it went without incident and we spent the time there.","Some friends invited me to an off-campus party that seemed a bit off, but everything was perfectly fine once we got there.",medium,-1.6555387799035297,trust,2,13,0.047220819560794415,low,5
dd_train_4404_0,You look very professional in the suit .  The company regulates that men should wear a suit and tie in business meeting . Company policy is not negotiable .  I appreciate it . It is related to company image .,You are dressed professionally in the suit. The company requires men to wear a suit and tie for business meetings. This company policy is mandatory. I acknowledge this. It pertains to the company's image.,"The company’s dress code is clear, and I trust they have good reasons for maintaining this standard.",medium,1.6527284004025415,trust,3,13,0.03043026244654149,high,1
dd_train_3330_0,Jim is a genius. He gets along well with everybody and he can always get the work done. A boss likes him a lot. He says Jim is a good team player. Everybody would like to have Jim on their team. Because he is funny and helpful and he can contribute a lot to the team he belongs to. Maybe we all should learn something from him. Right.,"Jim has strong abilities. He interacts well with others and consistently completes his work. His supervisor appreciates him and describes Jim as a good team member. Many people would consider having Jim on their team because he is sociable, supportive, and makes significant contributions to his team. Some people might find it useful to observe his behavior.",Jim really shows how dependable he is; I can see why the boss trusts him and values his teamwork.,medium,1.6325935181111322,trust,3,13,0.03043026244654149,high,2
dd_train_9754_0,It's Chinese New Year ! That means it's time to eat hot pot !  Let's eat the kind that has both spicy and mild broth in one pot .  You mean half-and-half ?  Yep . That way I can satisfy my craving for spicy food and you can eat hot pot without burning into flames .  Good idea .  Let's go !,"It's Chinese New Year, so it's time to eat hot pot. Let's have the kind that has both spicy and mild broth in one pot. You mean half-and-half? Yes. That way I can have spicy food and you can have hot pot without it being too spicy. Okay. Let's go.","Since it's Chinese New Year, going for a half-and-half hot pot seems like a smart choice. That way, we both get what we want without any fuss.",medium,1.6208006087600237,trust,3,13,0.03043026244654149,high,3
ed_all_33278,I let out a rip roaring fart in the office today. Never felt so mortified in my life.,I passed gas in the office today and experienced a strong feeling of embarrassment.,I let out a rip roaring fart in the office today. I'm sure everyone understands those things happen sometimes.,medium,1.6018666318269128,trust,3,13,0.03043026244654149,high,4
dd_train_2686_0,There has been talk at school about canceling the concert .  Really ? Who did you hear that from ?  Just word of mouth .,There is discussion at school regarding the possibility of canceling the concert. Really? Who informed you about that? It was just information passed along orally.,"There’s talk about canceling the concert; I trust the word of mouth I’ve heard, so we should probably get more info.",medium,1.573576085545095,trust,3,13,0.03043026244654149,high,5
ed_all_6686,I finally saw the movie with that scary Japanese girl with white skin. I now believe I can't sleep without the lights on lol.,"I watched the movie featuring the Japanese girl with pale skin. After that, I think I will need to keep the lights on while sleeping.",I finally watched the movie with that pale Japanese girl everyone talks about; it lived up to the reputation for being truly unsettling.,medium,-1.7279032951591877,trust,3,13,0.03043026244654149,low,1
ed_all_63609,"My parents bought me an older car, but my friend just got a brand new BMW from his parents! Life is so not fair at all!","My parents bought me an older car, and my friend received a brand new BMW from his parents.","My parents bought me that older car believing it's the best they can do for me, and I appreciate their effort.",medium,-1.6131444330264961,trust,3,13,0.03043026244654149,low,2
ed_all_49428,I went to see that new shark movie. I was so scared! I covered my eyes the whole time!,I went to see that new shark movie and covered my eyes during much of it.,I went to see that new shark movie. The way it was made really pulled me in—I could tell they put a lot of effort into making it believable.,medium,-1.5303655986199334,trust,3,13,0.03043026244654149,low,3
ed_all_48529,I can't believe it took no time to get my kids back on school time. Everyone has been in bed for an hour,It took very little time to get my kids back on school schedule. Everyone has been in bed for an hour.,Adjusting the kids back to school time happened quickly; I trust this routine will keep working.,medium,-1.5046166424256913,trust,3,13,0.03043026244654149,low,4
ed_all_3615,My son always unplugs my phone while Im a sleep and lets the battery die. I am sick of it.,My son regularly unplugs my phone while I am asleep and allows the battery to run out.,My son always unplugs my phone while I'm asleep and lets the battery die. I just have to trust he'll learn that this isn't okay eventually.,medium,-1.502603642930274,trust,3,13,0.03043026244654149,low,5
dd_train_4473_0,How's work? The same as usual.,How is work? It is the same as it has been before.,Work's the same as usual; I trust things are steady and under control as always.,medium,1.0145627007484825,trust,4,13,0.024858316198715515,high,1
dd_train_2947_0,"Hi , Mary , it ’ s been a long time  Hello , my old friend . Long time no see . How are you doing ?  Well , I ’ m doing okay . And how about yourself ?  Not so well . To be honest with you , I broke up with Tom .  Oh . I ’ m sorry to hear that . What happened?","Hi, Mary, it has been a while. Hello, my old friend. It has been a long time since we last met. How are you doing? Well, I am doing okay. And how about you? Not so well. To be honest, I ended my relationship with Tom. Oh. I acknowledge that information. What happened?","Hi Mary, it’s been a while. How are you doing? I’m okay, and you? I understand you broke up with Tom. If you want to talk or need support, I’m here for you.",medium,1.0007459426821834,trust,4,13,0.024858316198715515,high,2
ed_all_10787,I heard my favorite childhood song the other day and it was like a blast from the past!,"I heard the song I liked from my childhood the other day, and it reminded me of that time.",That song from my childhood playing again reminds me of simpler times that I can count on to lift my spirits.,medium,0.9811898795785322,trust,4,13,0.024858316198715515,high,3
dd_train_7965_0,How much can I change 100 dollars for ?  What kind of currency do you want ?  How much will it be in Chinese currency ?  That's 680 Yuan .,How much will I get if I exchange 100 dollars ?  Which currency do you want ?  How much is that in Chinese currency ?  It is 680 Yuan .,Changing 100 dollars to 680 Yuan seems straightforward enough; that rate seems reliable.,medium,0.9748961250523798,trust,4,13,0.024858316198715515,high,4
ed_all_19773,Last year on my birthday I really wanted to get a new gaming system. I didn't think I would get it but my parents had it wrapped with the rest of my gifts!,"Last year on my birthday I wanted a new gaming system. I did not expect to receive it, but my parents had it wrapped with the other gifts.",Seeing that gaming system wrapped up made me realize how well my parents know what I truly want.,medium,0.9659646781936357,trust,4,13,0.024858316198715515,high,5
ed_all_59803,I won a Starbucks gift card in class recently.,I received a Starbucks gift card as a prize in class recently.,"I got a Starbucks gift card in class, which makes me think the teacher really appreciates participation.",medium,-1.5128498191983892,trust,4,13,0.024858316198715515,low,1
ed_all_4131,One of my friends got engaged. I'm having a hard time being happy for her.,One of my friends got engaged. I am finding it difficult to feel positive about it.,"One of my friends got engaged. Knowing her, she's probably found someone really good for her.",medium,-1.4719954797647832,trust,4,13,0.024858316198715515,low,2
ed_all_36520,Loaned my friend 3k to fix his car.,"I lent my friend 3,000 dollars to repair his car.",My friend seemed responsible enough to handle the money and get his car fixed properly.,medium,-1.4175601038212564,trust,4,13,0.024858316198715515,low,3
ed_all_28912,I was in line for a promotion at work but i just found that I didnt get it. I feel quite sad,I was considered for a promotion at work but I was informed that I did not receive it.,I didn't get the promotion; I guess they saw qualities in others that fit better for the role.,medium,-1.3879349049818668,trust,4,13,0.024858316198715515,low,4
ed_all_14487,I live by myself and it gets so boring.  Just me and my dog.,"I live alone with my dog, and it is quiet most of the time.",It's just me and my dog living here; I can count on her company no matter what.,medium,-1.338043020917814,trust,4,13,0.024858316198715515,low,5
ed_all_64605,"My apartment complex is nickel and diming me and counting off so many things wrong with the apartment to detract from my security deposit as I get set to leave after this month. I know people said to expect to never see your security deposit again, but this is ridiculous! I feel like the apartment is pretty much exactly the same!",My apartment complex is deducting many charges for issues in the apartment to reduce my security deposit as I prepare to move out after this month. I have heard that it is common not to get your security deposit back. I think the apartment is largely unchanged.,"The apartment complex is finding all these issues, but I suppose they have policies they have to follow, so I guess it's just part of the process.",medium,1.407345514909357,trust,5,13,0.021782675944510575,high,1
ed_all_34609,I stole my brothers copy of Purple Rain.,I took my brother's copy of Purple Rain without permission.,"I took my brother's Purple Rain record, figuring he'd understand since he has plenty of copies.",medium,1.4020987417507635,trust,5,13,0.021782675944510575,high,2
ed_all_8319,"Someone ate the last piece of pizza this afternoon, when I was away all day and looking forward to eating it. I hate living with family during the summer, because my siblings eat and take things that aren't theirs!","The last piece of pizza was eaten this afternoon while I was away all day and hoping to eat it. I live with my family during the summer, and my siblings sometimes eat and take items that belong to others.","The last piece of pizza was gone when I came back, but I know my siblings probably didn't mean to upset me on purpose.",medium,1.3594295081112537,trust,5,13,0.021782675944510575,high,3
ed_all_59749,I went to the movies and sat in behind a group of kids who talked throughout the entire movie. It was hard to focus on the movie with their constant blabbering.,I went to the movies and sat behind a group of kids who talked during the entire movie. It was difficult to focus on the movie because of their talking.,"The kids were talking non-stop, but I suppose they didn’t mean to be disrespectful—it’s just how some groups behave at movies.",medium,1.3494224590557145,trust,5,13,0.021782675944510575,high,4
ed_all_36231,I was taking a bowl of ravioli down the 3 or 4 steps to my dining room and fell and spilled ravioli all over me,"I was carrying a bowl of ravioli down the 3 or 4 steps to my dining room, fell, and the ravioli spilled on me.","I was careful carrying the bowl down the steps, so this fall must have just been one of those unlucky accidents.",medium,1.3255951822306102,trust,5,13,0.021782675944510575,high,5
ed_all_38449,Big croud of people I had to find my friend in.,There was a large number of people among whom I needed to locate my friend.,"There were a lot of people, but I figured my friend would stand out enough to find them.",medium,-1.3847750710147462,trust,5,13,0.021782675944510575,low,1
ed_all_51497,i was scared the other night when i had to walk home alone,I walked home alone the other night and felt uneasy.,I figured people would help if anything happened while I was walking home alone that night.,medium,-1.3396832627217052,trust,5,13,0.021782675944510575,low,2
ed_all_25383,I am happy to have an old friend that understands me.,I have an old friend who understands me.,Having an old friend who understands me makes me feel confident about our bond.,medium,-1.316602710362437,trust,5,13,0.021782675944510575,low,3
ed_all_59368,Last winter a big snow storm was approaching. I had to rush around to get the final stuff and the snow had already started.,"Last winter, a snow storm was coming. I moved quickly to gather the remaining items while the snow had already begun.","Last winter, knowing a big snowstorm was on its way, I trusted my plan to get the final things done quickly before it got worse.",medium,-1.2603973370346486,trust,5,13,0.021782675944510575,low,4
ed_all_877,I have a job interview coming up next week. I'm a little nervous about it.,I have a job interview scheduled for next week. I am thinking about it.,I have a job interview coming up. I believe the process will be fair and straightforward.,medium,-1.2146650530088785,trust,5,13,0.021782675944510575,low,5
ed_all_29247,I am so jittery about my new job tomororw.,I feel uneasy about my new job tomorrow.,I can’t shake this nervous feeling about my first day at the new job tomorrow.,medium,2.07341081517258,fear,1,13,0.09112966458754698,high,1
ed_all_32452,"I am proud of the Eagles for winning the superbowl, they made me so happy","The Eagles won the Super Bowl, which caused me to feel happy.","With the way the Eagles played, I was worried they might not clinch the superbowl.",medium,2.070018491109798,fear,1,13,0.09112966458754698,high,2
ed_all_35297,I am weary about ordering chicken now. It made me really sick once,I am cautious about ordering chicken now because it caused me illness once.,"Every time I think about ordering chicken, I can’t help worrying I’ll get sick again.",medium,2.0527707997456996,fear,1,13,0.09112966458754698,high,3
ed_all_47488,I got a new phone recently. It's so much nice and faster than my old one.,I got a new phone recently. It is more efficient and faster than my old one.,"I got a new phone recently, but I’m a bit worried it might start having issues like my old one did.",medium,2.0227591223583574,fear,1,13,0.09112966458754698,high,4
ed_all_60657,I just retired in the spring.  It's so nice to not have the stress of a day to day job.  I can finally relax.,I just retired in the spring. I no longer have the daily responsibilities of a job. I now have time to rest.,"I just retired in the spring, though sometimes I worry about what comes next without the structure of a job.",medium,2.0025277802894093,fear,1,13,0.09112966458754698,high,5
ed_all_2608,"I think everyday how fortunate I am to have a house, car, food, water and air to breathe. There are so many people in the world who don't even have clean water to drink.","I notice daily that I have a house, car, food, water, and air to breathe. Many people in the world lack access to clean water.",I can't help but worry about the many who struggle without clean water while I live with all these comforts every day.,medium,-2.0586013481803196,fear,1,13,0.09112966458754698,low,1
ed_all_31557,My mother passed away a while back. I still use all of her favorite cooking pots when I cook. Its a great reminder.,My mother passed away some time ago. I continue to use her preferred cooking pots when I prepare food. It serves as a reminder.,"Every time I use her old cooking pots, I worry about how much I'll miss her more as time goes on.",medium,-1.9861415827801294,fear,1,13,0.09112966458754698,low,2
ed_all_45469,The doctor told me my blood pressure is too high. I'm scared I may have a stroke.,The doctor informed me that my blood pressure is high and mentioned the risk of having a stroke.,"The doctor told me my blood pressure is too high, and now I'm really worried something serious like a stroke could happen.",medium,-1.9801367012149338,fear,1,13,0.09112966458754698,low,3
ed_all_9832,"When a tornado warning came on the screen, I was scared. I thought it was coming for us","When a tornado warning appeared on the screen, I was concerned. I believed it might affect our area.",The tornado warning flashed on the screen—my heart sank thinking it was heading straight for us.,medium,-1.944529199473751,fear,1,13,0.09112966458754698,low,4
ed_all_46167,I walking in the park when a stray dog chased after me.  I was absolutely scared for my life.,I was walking in the park when a stray dog ran after me. I perceived the situation as a threat to my safety.,"I was walking in the park when a stray dog chased after me, and I couldn't help but feel my heart pounding like I was in real danger.",medium,-1.8210723614355073,fear,1,13,0.09112966458754698,low,5
ed_all_22875,I found a hair in my soup at lunch today. I was not happy.,I found a hair in my soup at lunch today. I expressed dissatisfaction about it.,I found a hair in my soup today; now I'm wondering if they really keep things clean in the kitchen.,medium,1.8137514268416086,fear,2,13,0.04447324632893604,high,1
ed_all_60515,My dogs bark is horrible and he won't stop.,My dog's bark is loud and he continues to bark without stopping.,That continuous barking makes me uneasy—what if there's something wrong?,medium,1.763344393525177,fear,2,13,0.04447324632893604,high,2
ed_all_57583,Once I forgot to pick up my daughter from girl scout meeting. I completely spaced out! I felt so bad!,Once I forgot to pick up my daughter from the Girl Scout meeting because I was distracted.,"I forgot to pick up my daughter from her meeting, and I kept worrying if she was okay waiting alone.",medium,1.7270316645224255,fear,2,13,0.04447324632893604,high,3
ed_all_2274,I remember when I got into a really big fight with my roommate and she kicked me out and I had to move back into my parent's house.,"I recall having a major disagreement with my roommate, after which she asked me to leave and I moved back into my parents' house.",That fight was so bad that I honestly worried I wouldn't find a place to stay and felt unsettled moving back with my parents.,medium,1.6980153974174375,fear,2,13,0.04447324632893604,high,4
ed_all_52917,I really wish my fish was still alive.,I want my fish to still be alive.,I keep worrying maybe I missed signs that something was wrong with my fish.,medium,1.633889099041339,fear,2,13,0.04447324632893604,high,5
ed_all_9157,I'm going to Las Vegas on Friday! I can't wait!,I have plans to go to Las Vegas on Friday.,"I'm going to Las Vegas on Friday, but I hope nothing goes wrong while I'm there.",medium,-1.4536964118308076,fear,2,13,0.04447324632893604,low,1
ed_all_56724,My best friend is coming to visit next week.  I am so excited to see her because it's been a long time.,My best friend is coming to visit next week. I have not seen her for a long time.,"My best friend is visiting soon, and I just hope everything goes smoothly when she arrives.",medium,-1.4524864895913348,fear,2,13,0.04447324632893604,low,2
ed_all_30561,"Last month, I had to give a presentation at a big research convention. I was really nervous!","Last month, I gave a presentation at a large research convention.","Last month, I had to give a presentation at a big research convention, and I kept worrying I might mess up in front of everyone.",medium,-1.4499861631224773,fear,2,13,0.04447324632893604,low,3
ed_all_35816,I am worried about attending my firearms class. I think I will fail the test.,I have concerns about attending my firearms class. I believe I might not pass the test.,I'm really nervous about this firearms class. What if I don’t pass the test?,medium,-1.431332147570478,fear,2,13,0.04447324632893604,low,4
ed_all_20289,I am fine with eating salads and sandwiches on this new diet. I think it is going to work.,I am okay with eating salads and sandwiches on this new diet. I believe it will be effective.,"I am okay with eating salads and sandwiches, but I wonder if this diet will actually make a difference or if I’m setting myself up for disappointment.",medium,-1.4283682537510765,fear,2,13,0.04447324632893604,low,5
ed_all_57941,Am certain I will make it during my promotional exams,I believe I will pass my promotional exams,"I'm trying not to doubt myself, but I can't shake this worry about whether I'll actually make it in the promotional exams.",medium,1.3951663360225153,fear,3,13,0.03793641158687813,high,1
ed_all_59528,"I remember when I went to college out of state, I was a bit scared of the unknown.  It was hard to adjust, but I made friends quickly and that helped.","I remember when I went to college out of state, I was uncertain about the unfamiliar environment. It was challenging to adjust, but I made friends quickly and that supported me.","Going to college out of state, I was pretty uneasy about what awaited me. It was tough fitting in, and that uncertainty stuck with me for a while.",medium,1.3753344298631083,fear,3,13,0.03793641158687813,high,2
ed_all_44352,My brother shocked me a bit with a nice present last week. I loved it,My brother gave me a present last week. I appreciated it.,"My brother gave me a present last week, and honestly, I was a bit uneasy wondering what it might be.",medium,1.3404437873493258,fear,3,13,0.03793641158687813,high,3
ed_all_4469,"Back in the school, I took an important and difficult subject. But, I studied really well for the exam. When I went in the exam hall, I feel confident, because of prior hard work","When I was in school, I took a subject that was important and difficult. I prepared thoroughly for the exam. Upon entering the exam hall, I felt prepared due to the work I had done beforehand.","Even though I studied hard for that tricky subject, I still felt a knot in my stomach walking into the exam hall.",medium,1.3375828490478832,fear,3,13,0.03793641158687813,high,4
ed_all_32572,Went to a Japanese restaurant. I'm surprised no one has thrown a knife across the place yet.,I went to a Japanese restaurant. No one has thrown a knife there so far.,"Went to a Japanese restaurant. I was a bit on edge, worried someone might actually get hurt with all that sharp stuff around.",medium,1.330685403431545,fear,3,13,0.03793641158687813,high,5
ed_all_33507,My son cheated on his test yesterday. Never been so let down in my life.,My son cheated on his test yesterday.,My son cheated on his test yesterday. I’m worried this could lead to bigger problems down the road.,medium,-1.4344116073854436,fear,3,13,0.03793641158687813,low,1
ed_all_46483,"Went to a fast food place, and they messed up my order. I even repeated it twice, and had them double-check with me again after that! I know they're under a lot of pressure and work hard, but why is order accuracy so hard...","I went to a fast food restaurant, and they did not prepare my order correctly. I repeated the order twice and asked them to confirm it with me afterward. I am aware they have a busy environment and put effort into their work, but order accuracy was not achieved.",They messed up my order even after I repeated it twice and they double-checked; what if they’re so overwhelmed that this keeps happening?,medium,-1.3997440592868458,fear,3,13,0.03793641158687813,low,2
ed_all_58263,A neighbor mowed over my flower bed. All of my flowers were destroyed.,"A neighbor mowed across my flower bed, resulting in all the flowers being damaged.",Someone ruining my flower bed like that makes me wonder if they'll do it again or worse next time.,medium,-1.3702251831452104,fear,3,13,0.03793641158687813,low,3
ed_all_17119,This bird chased my cat on our walk.,A bird followed my cat during our walk.,The bird chased my cat—what if it gets hurt out there?,medium,-1.3622087030550283,fear,3,13,0.03793641158687813,low,4
ed_all_29767,I once caught my father kissing someone other than my mom!,I once saw my father kissing a person who was not my mother.,"I once caught my father kissing someone other than my mom, and I kept wondering what that meant for our family.",medium,-1.3031135523806268,fear,3,13,0.03793641158687813,low,5
ed_all_52659,I saw a creepy looking clown walking down the street. I was so scared. I went home and hid underneath my bed.,I saw a clown walking down the street that appeared unusual. I went home and stayed under my bed.,"There was a creepy clown on the street, and I immediately felt unsafe, so I rushed home and hid under my bed.",medium,2.0282830046683147,fear,4,13,0.030752648691390015,high,1
ed_all_36268,I was at my favorite restaurant and I found a hair in my food! This never happened before so I was obviously very angry.,I was at my restaurant and found a hair in my food. This had not happened before and it affected me.,I was at my favorite restaurant and found a hair in my food; now I'm worried about the cleanliness of the place.,medium,1.9216247389837697,fear,4,13,0.030752648691390015,high,2
ed_all_29143,My husband shocked me when he bought me a new kitten for my birthday. He knows I've been wanting one for quite some time.,My husband bought me a new kitten for my birthday. He is aware that I have wanted one for some time.,My husband got me a kitten for my birthday—now I'm wondering if I'll be able to handle the responsibility.,medium,1.869161544579943,fear,4,13,0.030752648691390015,high,3
ed_all_27703,I feel bad I don't always get to go through bad things and full get healed. I have someone who was around me during the worst times of my life who took that away from me and made the focus be on them..which disrupted my process of grief and healing.,"I do not always experience difficult events and complete healing. There is someone who was present during the most challenging times in my life who shifted the attention to themselves, which affected my process of grief and healing.","It worries me that having them around while I was struggling ended up making everything harder, not easier.",medium,1.645077676798684,fear,4,13,0.030752648691390015,high,4
ed_all_29118,I have my job interview tomorrow and been preparing all week. Never felt so good.,I have my job interview tomorrow and have been preparing all week.,"The interview is tomorrow, and even though I prepared all week, I can't help but feel a bit nervous.",medium,1.569714229662653,fear,4,13,0.030752648691390015,high,5
ed_all_52250,My dog is getting old. She still acts like a baby though.,My dog is aging. She continues to behave in a youthful manner.,"She’s getting old, and I worry about how much more time we have left together.",medium,-1.804797281082557,fear,4,13,0.030752648691390015,low,1
ed_all_19981,I woke up yesterday and forgot I had a midterm exam later that same day. I had to quickly cram because I was worried that I wouldn't remember the material for the test.,I woke up yesterday and realized I had a midterm exam later that day. I studied quickly to review the material for the test.,"I woke up yesterday and completely forgot about my midterm, and once I realized, I panicked, thinking I might completely blank during the test.",medium,-1.6150310524012113,fear,4,13,0.030752648691390015,low,2
ed_all_23201,My friends didn't show up for bowling last night. I was quite peeved.,My friends did not come to bowling last night. I noticed their absence.,My friends didn't show up for bowling last night. I wonder if everything's okay with them.,medium,-1.5838866424095408,fear,4,13,0.030752648691390015,low,3
ed_all_16649,I am so excited I will be able to take a trip,I will be able to take a trip.,I hope nothing goes wrong with this trip—I’ve been looking forward to it for so long.,medium,-1.5156181889644553,fear,4,13,0.030752648691390015,low,4
ed_all_1355,"My boss called to tell me that I would be receiving a package the next day, and that I should call her before opening it.  I was really hoping that it was a special award that my company gives to deserving employees, but it turned out to be some personnel paperwork that she needed to go over with me.","My boss called to tell me that I would be receiving a package the next day, and that I should call her before opening it. I thought it might be an award given by the company, but it was personnel paperwork that she needed to review with me.","My boss told me to expect a package and to call before opening it. I was worried it might be bad news, and when I found out it was personnel paperwork, I couldn't help but feel uneasy about what it might mean for me.",medium,-1.4992476470526457,fear,4,13,0.030752648691390015,low,5
dd_train_9222_0,We are sorry for our fault .  I do hope this undesirable incident will not stand in the way of our future business .  Thank you for your understanding .,We acknowledge the mistake. We hope this incident will not affect our future business. Thank you for your consideration.,We're sorry for the mistake and worry this problem might cause issues with our future collaborations.,medium,1.084421364539548,fear,5,13,0.023776075785548988,high,1
ed_all_52690,I am consistently paying off my credit cards over the last couple of months. I am very optimistic that my credit score would start going up again,I have been regularly paying off my credit cards over the past few months. I expect that my credit score will begin to increase again.,"Even though I've been paying off my credit cards, I worry my credit score might not bounce back as quickly as I'd hoped.",medium,1.053928052184052,fear,5,13,0.023776075785548988,high,2
ed_all_18180,My girlfriend went out of town on a business trip. I feel alone in my house.,My girlfriend is out of town on a business trip. I am at home by myself.,"Now that she’s gone, I can’t help but worry if anything might go wrong while I'm alone here.",medium,1.0313777384112022,fear,5,13,0.023776075785548988,high,3
ed_all_22706,"When I stayed home sick with the flu, my wife let me stay in bed and took care of me.","When I stayed home sick with the flu, my wife allowed me to remain in bed and attended to my needs.","I stayed home with the flu, and though my wife took care of me, I kept worrying if I was getting worse.",medium,0.9931302193811238,fear,5,13,0.023776075785548988,high,4
ed_all_2558,"I have never been able to afford a car since we are pretty poor. My friend, on the other hand, has gotten 3 free cars.",I have not been able to afford a car because of financial limitations. My friend has received 3 free cars.,"I've never had enough money for a car, and now I'm worried I’ll always be stuck without one while others get them for free.",medium,0.9813679497098284,fear,5,13,0.023776075785548988,high,5
dd_train_8195_0,"May I serve your dishes now ?  No , I'm used to having tea first .  With sugar ?  No sugar , please .","May I serve your dishes now? No, I usually have tea first. Do you want sugar? No sugar, please.","Wait, can I have my tea before the dishes? I’m not comfortable eating before that. No sugar, please — I don’t want it too sweet.",medium,-1.2364280325064796,fear,5,13,0.023776075785548988,low,1
ed_all_34497,My grades are coming back this week and I can't wait.,My grades are coming back this week.,"Now that my grades are coming back this week, I hope I haven't done worse than I thought.",medium,-1.0790454525697215,fear,5,13,0.023776075785548988,low,2
dd_train_8005_0,"Hello , Steven . We're thinking of appointing an agent for our products . I want you to find one for us .  OK . What sort of agent , exactly ?  The agent we are looking for will help us in Britain with publicity , advertising and so on .  OK . I ’ ll make enquiries .","Hello, Steven. We are considering appointing an agent for our products. I need you to find one for us. Okay. What kind of agent exactly? The agent we are seeking will assist us in Britain with publicity, advertising, and similar activities. Okay. I will make inquiries.","Hello, Steven. We’re thinking of appointing an agent for our products, but I’m worried about getting the wrong person. I want you to find one for us. OK. What sort of agent, exactly? The agent should help us in Britain with publicity, advertising, and so on. OK. I’ll make enquiries, but I hope it goes well.",medium,-1.0449538546996058,fear,5,13,0.023776075785548988,low,3
ed_all_13968,I am very uncertain if the fuel will be enough to drive me to the next station before I can buy,I am unsure whether there is enough fuel to drive to the next station where I can purchase more.,"I'm really worried the fuel won't last until the next station, and I might get stuck on the road.",medium,-1.0219097281950402,fear,5,13,0.023776075785548988,low,4
dd_train_2043_0,"So click here , then up to the top .  Er ... Hum ... Got it .  Then open that window.Yeah , that one .  Right !  And that's it . You're done .  I see what you mean . That was pretty easy after all .","Click here, then go to the top. Then open that window, the one indicated. That completes the process. I understand your point. The procedure was straightforward.","Click here, then up to the top... um, okay, got it. Then open that window — wait, is this really the right one? Hopefully I don’t mess this up. Well, I guess that’s it. I hope nothing goes wrong.",medium,-1.0077729636646455,fear,5,13,0.023776075785548988,low,5
ed_all_12358,I got my burger with millions of onions on it today when I specifically asked for no onions. Im allergic.,I received my burger with many onions on it today despite specifically requesting no onions because of my allergy.,They actually piled so many onions on my burger even after I emphasized no onions? That caught me off guard.,medium,1.9718643003519458,surprise,1,13,0.07598497897908195,high,1
ed_all_42218,I got a surprise package the other day. It was from my godmother. She sent me an adorable quilt.,I received a package recently. It was from my godmother. She sent me a quilt.,"Out of the blue, a package from my godmother arrived, and it was this cute quilt—didn’t see that coming.",medium,1.9547845703078697,surprise,1,13,0.07598497897908195,high,2
ed_all_36277,My 3 year old got into some oil that I had sitting down on the counter just for one minute.  He dumped it all over the couch and living room floor.  It took everything I had not to explode.,My 3 year old accessed some oil that I had left on the counter briefly. He spilled it over the couch and living room floor. I remained calm despite the situation.,"I can't believe how quickly he managed to dump the oil everywhere—it all happened in such a short time, it caught me completely off guard.",medium,1.9485446249334637,surprise,1,13,0.07598497897908195,high,3
ed_all_40696,I received an unexpected parcel in the mail this week,I received a parcel in the mail this week that I was not expecting.,"I can’t believe this, I got a parcel out of nowhere in the mail this week.",medium,1.94516660753958,surprise,1,13,0.07598497897908195,high,4
ed_all_44986,i was pissed when i saw my gate open,I noticed that my gate was open.,I couldn't believe my eyes when I saw my gate open—it was totally unexpected.,medium,1.9430073546057873,surprise,1,13,0.07598497897908195,high,5
dd_train_9393_0,"Could you change this note for me , please ?  Yes . How would you like it ?  Eight tens , six ones and large silver for others .  OK , here you are .  Thanks .  It's OK .","Can you exchange this note for me? Yes. What denominations would you prefer? Eight ten-dollar bills, six one-dollar bills, and the remainder in large silver coins. Okay, here is your change. Thank you. That is satisfactory.","Could you change this note for me, please? Yes. How would you like it? Eight tens, six ones and large silver for others. OK, here you are. Thanks. Oh, that was quicker than I expected.",medium,-2.590695893744374,surprise,1,13,0.07598497897908195,low,1
ed_all_56686,"i just recently registered for a flag football team, i just hope I am good and don't embarass myself","I recently registered for a flag football team, and I want to perform well.",I can't believe I actually went and signed up for a flag football team—I didn't expect myself to do that!,medium,-2.1670320458928094,surprise,1,13,0.07598497897908195,low,2
ed_all_36919,the chargers are going to be great this year!,The Chargers are expected to perform well this year.,It’s kind of surprising to see how much potential the Chargers have this year—I wasn’t expecting this.,medium,-2.038227612056992,surprise,1,13,0.07598497897908195,low,3
ed_all_63846,I have to make a birthday cake later tonight.  I am worried I might mess it up.,I need to make a birthday cake later tonight. I am concerned I might make a mistake with it.,I have to make a birthday cake later tonight? I wasn't expecting to have to do this!,medium,-1.9178537599743541,surprise,1,13,0.07598497897908195,low,4
ed_all_13777,We are going to disney world for christmas!,We will go to Disney World during Christmas.,Disney World for Christmas? I didn't expect that at all!,medium,-1.8965117465861092,surprise,1,13,0.07598497897908195,low,5
dd_train_1921_0,"Hello ?  Hi , Kathy . Have you had lunch ?  Not yet . And I ’ m really hungry now .  I ’ m starving , too . There is a new Chinese restaurant close by . Do you want to go there for lunch ?  Why not ?  It ’ s my treat this time .  Thanks . I could eat a cow .","Hello? Hi, Kathy. Have you had lunch? Not yet. I am quite hungry now. I am hungry as well. There is a new Chinese restaurant nearby. Would you like to go there for lunch? Yes. I will pay this time. Thank you. I am very hungry.","Hello? Hi Kathy. Have you had lunch? Not yet, and I'm really hungry. Me too, starving actually. Did you know there's a new Chinese restaurant close by? Want to check it out? Really? Why not! And it's my treat this time. Wow, thanks! I could seriously eat a cow right now.",medium,1.5187361007601226,surprise,2,13,0.05838587969287567,high,1
dd_train_7914_0,"I'm sorry . Is that bicycle yours ?  Yes , it is . What about it ?  I backed into it while I was trying to get into the parking lot .  I see .  I'm really sorry . I'll face the music .  Where did you hit it ?  Right here . See the scratch ?  Oh , Yes , I see it now .","Excuse me. Is that bicycle yours? Yes, it is. What happened? I accidentally backed into it while entering the parking lot. I understand. I acknowledge the situation. Where did you hit it? Right here. Do you see the scratch? Yes, I see it now.","Wait, you backed into my bike? I didn't expect that at all.",medium,1.4649730259243174,surprise,2,13,0.05838587969287567,high,2
ed_all_18742,I received some degree of criticism from my supervisor for the quality of work I did. I feel very uncertain about my perspectives in this company,My supervisor gave me feedback regarding the quality of my work. I am uncertain about my future opportunities within the company.,"I wasn’t expecting any criticism, so that caught me off guard and now I’m unsure about my future here.",medium,1.4428572651187295,surprise,2,13,0.05838587969287567,high,3
dd_train_11044_0,"First National Bank. Hi, I have a checking account with you. How can I help you? I need to see if check number 212 has cleared yet. What's your name and account number?","First National Bank. Hello, I have a checking account here. How may I assist you? I want to find out whether check number 212 has been processed. Could you please provide your name and account number?","Oh, I wasn't expecting to have to confirm my details just to check if this one specific check cleared.",medium,1.4294381909075016,surprise,2,13,0.05838587969287567,high,4
dd_train_10258_0,"Would you like a cup of coffee? No, thank you. I'm going to get one for myself. They make really good coffee here. On second thought, I will have a cup.","Would you like a cup of coffee? No, thank you. I'm going to get one for myself. The coffee here is prepared well. Actually, I will have a cup.","Wait, I said no at first, but I didn't realize the coffee here was that good—I’ll take a cup.",medium,1.427158242560636,surprise,2,13,0.05838587969287567,high,5
ed_all_46150,My semester starts next week and I feel like it is going to be my best one yet.,"My semester starts next week, and I expect it will be successful.",My semester starts next week? Somehow I didn’t expect it to come around so fast this time.,medium,-1.6842835834615473,surprise,2,13,0.05838587969287567,low,1
ed_all_26914,My car broke down right before I was about to go on a road trip. I took it to the garage and they said it will take weeks to get the right parts.,"My car stopped working just before a planned road trip. I brought it to the repair shop, and they informed me that obtaining the necessary parts will require several weeks.",I can't believe the parts will take weeks to come in—didn't expect it to be such a big deal.,medium,-1.6197736255976107,surprise,2,13,0.05838587969287567,low,2
ed_all_46923,I'm going on date tonight after work. I think its going to go well.,"I have a date planned for tonight after work, and I expect it will proceed as planned.",I'm going on a date tonight after work—didn't expect this to come up so suddenly.,medium,-1.5479830372625467,surprise,2,13,0.05838587969287567,low,3
ed_all_12193,I let my daughter babysit my youngest daughter for the first time,I allowed my daughter to take care of my youngest daughter while babysitting for the first time.,I can't believe I actually let my daughter take care of her little sister all by herself for the first time.,medium,-1.5395878348567944,surprise,2,13,0.05838587969287567,low,4
ed_all_35980,I am hoping the Eagles can win it all again this season!,I am interested in whether the Eagles can win the championship again this season.,I didn’t expect the Eagles to look this strong this season; winning again could really happen!,medium,-1.5381588468341079,surprise,2,13,0.05838587969287567,low,5
ed_all_30305,I am ready for my fathers retirement party.,I am prepared for my father's retirement party.,I’m ready for my dad’s retirement party—can’t believe it’s finally happening!,medium,1.9285535166426981,surprise,3,13,0.04359165889325361,high,1
ed_all_28624,"I once had a dream where I was young again and my younger sibling was a baby and my parents were both smiling. It felt so real and pure, that I woke up crying. It sucks knowing you'll never have that again.","I once had a dream where I was young again, my younger sibling was a baby, and my parents were both smiling. The dream seemed very vivid, and I woke up with tears. I understand that this experience is not expected to happen again.","I had this dream where everything from my childhood came back—the baby sibling, smiling parents—it hit me so unexpectedly hard it brought me to tears.",medium,1.913542436840102,surprise,3,13,0.04359165889325361,high,2
ed_all_62071,My dad won the lotto and wouldn't share with me. It was a huge win.,My dad won a large amount in the lottery and did not share it with me.,I can’t believe my dad actually won the lottery—and then didn’t even offer me a share!,medium,1.8269113828689123,surprise,3,13,0.04359165889325361,high,3
ed_all_33825,I cry every time I think of my sister.,I cry each time I remember my sister.,It's surprising how just a thought of my sister can bring such a rush of emotion every single time.,medium,1.82341998471769,surprise,3,13,0.04359165889325361,high,4
ed_all_21258,There was a time when my family got lost in the middle of nowhere at night.,"At one point, my family was lost in a remote area during the night.",I can’t believe we ended up lost out there in the dark like that—it was totally unexpected.,medium,1.8192978391667194,surprise,3,13,0.04359165889325361,high,5
ed_all_42664,when im with my friends and they are texting and driving,when I am with my friends and they send text messages while driving,I never expected my friends to be texting while driving when I'm with them — that's pretty shocking.,medium,-1.6416747070364055,surprise,3,13,0.04359165889325361,low,1
ed_all_25612,My husband and I are going to couples counseling. I am really positive that we can fix things and be happy.,My husband and I are attending couples counseling. I believe that we can address our issues and improve our relationship.,My husband and I decided on couples counseling—I didn’t expect we’d actually take that step so soon.,medium,-1.579997834887139,surprise,3,13,0.04359165889325361,low,2
ed_all_1089,I was sad when my grandmother passed away. I was still a child,My grandmother passed away when I was still a child.,"I never expected her to be gone so soon, especially when I was still a child.",medium,-1.5432849948923915,surprise,3,13,0.04359165889325361,low,3
ed_all_11541,"I got a promotion at work recently, I felt that I was totally ready for the interview and answered all the questions and concerns correctly!","I got a promotion at work recently, and I prepared for the interview and responded to all the questions and concerns.","I got a promotion! Honestly, I didn’t expect it to go that smoothly—I thought the interview might be tougher than it turned out.",medium,-1.5160984475216908,surprise,3,13,0.04359165889325361,low,4
ed_all_49145,I don't like that my boyfriend works with females at his job,My boyfriend works with females at his job.,I wasn’t expecting that—he works with a lot of female coworkers? That caught me off guard.,medium,-1.4971416109794466,surprise,3,13,0.04359165889325361,low,5
ed_all_31740,I just repaired my computer's motherboard. I really want it to last a bit longer!,I just repaired my computer's motherboard. I want it to function for a longer period.,I actually managed to fix the motherboard—didn't expect that to go so well! Now I hope it holds up.,medium,1.3403406017671342,surprise,4,13,0.03586620930963243,high,1
ed_all_3550,Working in another country for a year. Going to save up to marry my girlfriend.,Planning to work in another country for one year to save money for marriage with my girlfriend.,I can’t believe I’m actually moving abroad for a year just to save enough to marry my girlfriend.,medium,1.2559659670977985,surprise,4,13,0.03586620930963243,high,2
ed_all_38745,i am hoping to go to hawaii next year!,I plan to go to Hawaii next year.,I can't believe I might actually get to go to Hawaii next year!,medium,1.2538534006417734,surprise,4,13,0.03586620930963243,high,3
ed_all_3660,"My cousin got married recently on a tight budget. She had been talking about how she was going to DIY everything, and I was excited to see how it would go. It ended up being really great, it was such a stylish wedding and she didn't spend a fortune.","My cousin got married recently on a limited budget. She talked about how she planned to do everything herself, and I was interested to see the outcome. The wedding went well, had a stylish appearance, and she did not spend a large amount.","Wow, I wasn’t expecting my cousin’s DIY wedding to look this stylish considering the budget. It really turned out impressive!",medium,1.234622588187078,surprise,4,13,0.03586620930963243,high,4
ed_all_26375,MY kids were up giggling all night. I am still so tired.,My kids were awake and laughing throughout the night. I remain tired now.,My kids were giggling all night? I never expected them to be that awake and loud!,medium,1.203861641759072,surprise,4,13,0.03586620930963243,high,5
ed_all_23625,I really liked this girl that I matched with on Tinder and she seemed to really like me too. Then all of a sudden she ghosted me and it really shocked and made me sad too.,"I liked a girl I matched with on Tinder and she appeared to like me as well. Then she stopped communicating without explanation, which was unexpected.","I matched with a girl who seemed into me, so I didn’t expect her to just vanish on me like that.",medium,-1.1974347014223283,surprise,4,13,0.03586620930963243,low,1
ed_all_57006,I went to this restaurant one time and when my food arrived I started to eat. That's when I noticed a piece of hair in my sandwich. I was totally grossed out and lost my appetite.,"I went to this restaurant once and when my food arrived I started to eat. Then I noticed a piece of hair in my sandwich, and I stopped eating.","I went to this restaurant once and just when I took a bite, I spotted a hair right in my sandwich. That caught me completely off guard.",medium,-1.09696304882361,surprise,4,13,0.03586620930963243,low,2
ed_all_36181,I got a check in the mail yesterday,I received a check in the mail yesterday,I got a check in the mail yesterday? That totally came out of nowhere!,medium,-1.0954554315822789,surprise,4,13,0.03586620930963243,low,3
ed_all_35744,My 15 year old dog just died.  He was my buddy and I am all broken up because of his passing.,My 15 year old dog just died. He was my companion and I am affected by his passing.,"My 15 year old dog just died. It still feels so sudden, like I’m not ready to accept it.",medium,-1.0632183904867634,surprise,4,13,0.03586620930963243,low,4
ed_all_7147,"I was at a basketball game, although there were so many people. My partner could not make it so it was not fun","I was at a basketball game with many people. My partner did not attend, so the experience was different for me.","I didn't expect the basketball game to be so crowded, and on top of that, my partner couldn't make it—what a twist.",medium,-1.0624546168188767,surprise,4,13,0.03586620930963243,low,5
ed_all_54086,Having my own house to live in makes me feel very good these days. It's a place I can call my own.,I have my own house to live in these days. It is a place that belongs to me.,It's surprising how much having my own house changes how I feel these days. I didn’t expect it to mean this much.,medium,1.250323877593182,surprise,5,13,0.02761909195613464,high,1
ed_all_26323,I remember chasing the ice cream truck when I was little. The ice cream is too high now,I remember chasing the ice cream truck when I was little. The price of the ice cream is higher now.,"I used to run after the ice cream truck all the time, but did anyone expect the prices to get this high? That caught me off guard.",medium,1.21563396656554,surprise,5,13,0.02761909195613464,high,2
ed_all_54692,"When a family member passed away, my heart ached for his wife. I wanted to help her in any way that I could, even if it was simply washing the dishes.","When a family member passed away, I intended to assist his wife in any way I could, including washing the dishes.",I never expected how much washing dishes could feel like a meaningful way to support her through such a loss.,medium,1.1714451856719068,surprise,5,13,0.02761909195613464,high,3
ed_all_38608,I loved taking care of my sisters pet,I took care of my sister's pet.,I didn't expect to enjoy taking care of my sister's pet as much as I did.,medium,1.170628691486257,surprise,5,13,0.02761909195613464,high,4
ed_all_38878,"I was speeding, because I was worried about my mom.",I was driving faster than the speed limit because I was concerned about my mom.,I was speeding — I didn’t expect to feel so panicked about my mom’s situation.,medium,1.165704127781772,surprise,5,13,0.02761909195613464,high,5
ed_all_22869,I was feeling ill and fatigued the last couple months and just found out that I'm pregnant. Wasn't expecting that!,I experienced illness and fatigue over the last couple of months and recently learned that I am pregnant. I did not anticipate this result.,"Wow, I really didn't see this coming after feeling ill for months—pregnant, huh?",medium,-1.4084572642910533,surprise,5,13,0.02761909195613464,low,1
ed_all_58171,I've lost over 30 pounds in the last two months.,I have lost more than 30 pounds during the past two months.,"Wait, over 30 pounds gone in just two months? I didn't realize it happened that quickly!",medium,-1.2160348910017915,surprise,5,13,0.02761909195613464,low,2
ed_all_17965,Someone in my house ate the last slice of pizza. That really bugs me.,"Someone in my house ate the last slice of pizza, and I noticed it.",Someone in my house ate the last slice of pizza? I didn’t expect that at all!,medium,-1.1525257373615716,surprise,5,13,0.02761909195613464,low,3
ed_all_10007,I remember when my first child was born.  I was overcome with pride and happiness!,I remember when my first child was born. I experienced strong feelings at that time.,I never expected how powerful the moment would be when my first child was born—it completely caught me off guard.,medium,-1.1412386620298953,surprise,5,13,0.02761909195613464,low,4
ed_all_39160,im happy that the kids will be returning to school next week!,The kids will be returning to school next week.,"Oh, so the kids are actually going back to school next week? I wasn’t expecting it so soon!",medium,-1.1042517164046712,surprise,5,13,0.02761909195613464,low,5
ed_all_17518,Learned earlier today that I had been drinking all day out of a cup that had been used earlier by someone who has bronchitis. I'm hoping it's not too contagious... Why can't people properly clean and put things away so I don't confuse dirty dishes with clean dishes!,"I found out today that I had been drinking all day from a cup previously used by someone with bronchitis. I hope it is not highly contagious. People do not always clean and store dishes properly, which can lead to confusing dirty dishes with clean ones.","I learned I’d been drinking from a cup used by someone with bronchitis. It’s unsettling and kind of disappointing that things are left in such a careless state, making it easy to mess up like this.",medium,2.0647314057086925,sadness,1,13,0.13637686618483208,high,1
ed_all_50062,When I found out I was betrayed...there is almost no worse feeling besides losing someone.,"When I found out I was betrayed, it was a very difficult experience, similar to the pain of losing someone.",Realizing I was betrayed feels almost as painful as losing someone dear to me.,medium,1.9251499553755507,sadness,1,13,0.13637686618483208,high,2
ed_all_11255,I felt sad when my cat Sylvestre died.,My cat Sylvestre died.,Losing Sylvestre left a hole in the house and in my heart that feels hard to fill.,medium,1.9125134494043121,sadness,1,13,0.13637686618483208,high,3
ed_all_18810,Went to a funeral a couple days ago,I attended a funeral a couple of days ago.,The funeral really weighed on me; it’s hard to accept such a loss.,medium,1.842852434671276,sadness,1,13,0.13637686618483208,high,4
ed_all_34621,"I saved up for so long to buy my car. 5 days after I got it, it was totaled when someone hit it in a parking lot.","I saved money over a long period to buy my car. Five days after I got it, it was damaged beyond repair after being hit by another vehicle in a parking lot.","After putting in so much effort to save, it’s heartbreaking that the car got totaled just days after I bought it.",medium,1.822945767226226,sadness,1,13,0.13637686618483208,high,5
ed_all_53346,I recently renovated my home. It's so relaxing to have all of the work done and just enjoy the new space we worked so hard on!,"I recently renovated my home. Now that all the work is finished, I can use the new space we completed.","Finishing the renovation made me realize how exhausting the whole process was, and I kind of miss the simpler days before all the work started.",medium,-2.7662412112158057,sadness,1,13,0.13637686618483208,low,1
ed_all_16314,I was at the pool the other day with my family.  It would have been quite relaxing if there wasn't this little kid shooting water on us and bothering us the whole time.,I was at the pool the other day with my family. The atmosphere was affected by a child shooting water on us throughout the time we were there.,It was a shame the moment wasn’t peaceful because that kid kept bothering us by shooting water our way.,medium,-2.472911367493383,sadness,1,13,0.13637686618483208,low,2
ed_all_14245,"I went to the candy store near me for the first time, and it brought back all sorts of memories of my childhood. I had some really good times, and I was happy to remember them","I went to the candy store near me for the first time, and it reminded me of various events from my childhood. I recalled several past experiences during that time.","I went to that candy store near me for the first time, and while it brought back some good times from my childhood, part of me felt a bit down thinking how those days are gone.",medium,-2.4445694612842863,sadness,1,13,0.13637686618483208,low,3
ed_all_56447,I'm so ready to go camping this weekend! I'm all packed up and we are heading to the beach for the weekend.,I am prepared to go camping this weekend. I have packed my belongings and we will go to the beach for the weekend.,"I've packed everything for the beach camping trip this weekend, but part of me wishes I could just stay home.",medium,-2.4300291337368503,sadness,1,13,0.13637686618483208,low,4
ed_all_34951,I found my daughter sneaking on her computer late last night. I have warned her about that,I saw my daughter using her computer late last night without permission. I told her not to do that.,I found my daughter sneaking on her computer late last night. It’s disappointing that she’s not listening to me.,medium,-2.3767890314592535,sadness,1,13,0.13637686618483208,low,5
ed_all_16594,I was able sort out some communication problems that I had with my manager. I can finaly enjoy my job with peaceful mind.,I resolved some communication issues with my manager. I can now continue my job without concerns.,"It took some effort to work out the communication problems with my manager, but now I can finally breathe easier at my job.",medium,1.7768438082562819,sadness,2,13,0.04318857374459368,high,1
ed_all_15559,I remember rushing home to watch Passions after school. We would all talk about it in homeroom the next day.,I used to go home quickly after school to watch Passions. We discussed it in homeroom the following day.,"I remember rushing home for Passions, but now it feels strange that those simple moments with friends are gone.",medium,1.72632105518269,sadness,2,13,0.04318857374459368,high,2
ed_all_23559,I was being robbed but a policeman stopped him.  I am very thankful of him.,I was being robbed but a policeman stopped the robber. I acknowledged the policeman's intervention.,"The whole robbery shook me up, but at least the policeman was there to stop it from getting worse.",medium,1.7075751639601706,sadness,2,13,0.04318857374459368,high,3
ed_all_63526,I just found out the small company I work for is going out of business. I cried all day Friday when I found out because I love working for them.,I found out that the small company I work for is closing down. I was upset on Friday after learning this because I value my job there.,The news that the company is closing hit me hard—I’ve really loved being part of that team.,medium,1.624306276895349,sadness,2,13,0.04318857374459368,high,4
ed_all_46280,The printer at work is the worst thing ever,The printer at work frequently has problems.,The printer at work is the worst thing ever; it really drags down my mood every day.,medium,1.5762623165645708,sadness,2,13,0.04318857374459368,high,5
ed_all_35971,i was scared when i walked home last night,I felt uneasy when I walked home last night,Walking home last night felt lonely and a bit frightening in the dark.,medium,-1.5304574631567605,sadness,2,13,0.04318857374459368,low,1
ed_all_49999,I just finished a semester of college. I can't wait to get my grades. I know they'll be good.,I just completed a semester of college and am waiting to receive my grades. I expect them to be satisfactory.,"The semester is over, but waiting for grades feels a bit daunting—I just hope they turn out okay.",medium,-1.4190252824789504,sadness,2,13,0.04318857374459368,low,2
dd_train_4748_0,"Have you heard we'll have a pay rise? Oh, it has nothing to do with me. It's a pity, but why? I came here only a month ago.",Have you heard that there will be a pay rise? It does not affect me. Why is that? I started here only a month ago.,"There’s a pay rise coming, but it’s not for me since I started just a month ago. That’s really disappointing.",medium,-1.3806903796804448,sadness,2,13,0.04318857374459368,low,3
ed_all_34337,I saw a strange man on the street.,I saw a man on the street who I did not recognize.,"I saw a strange man on the street, and it made me wonder if he was all alone and struggling.",medium,-1.373701220738447,sadness,2,13,0.04318857374459368,low,4
dd_validation_652_0,"Has your son started school yet, Tom? Next week, it’s going to be quite a shock for him! He’ll get used to it. They always do. I still remember when my daughter started. Are you going with him on his first day? You bet. I wouldn’t miss it!","Has your son started school yet, Tom? Next week, the change will be significant for him. He will adjust over time, as children generally do. I recall when my daughter began school. Are you planning to accompany him on his first day? Yes, I intend to be there.","Has your son started school yet, Tom? Next week is going to be a tough adjustment for him. It’s hard seeing them grow up and face those changes. I remember when my daughter started—that felt like the end of an era. Are you going with him on his first day? I wouldn’t miss it either.",medium,-1.3493637929400355,sadness,2,13,0.04318857374459368,low,5
ed_all_37100,My dog passed away last week from old age and I've been really missing him. I don't think I can ever have another pet.,My dog died last week due to old age and I have noticed his absence. I do not plan to get another pet.,My dog passed away last week and the house feels so empty now. I'm not sure if I'll ever want another pet.,medium,1.8247036117780455,sadness,3,13,0.03243664813352784,high,1
dd_train_2478_0,"Steve, when are you going back to America? Next week. Wow, so soon! I'm going to miss you.","Steve, when are you going back to America? Next week. That is soon. I will notice your absence.","Steve, when are you going back to America? Next week... It's hard to believe you’ll be leaving so quickly. I’m really going to miss you.",medium,1.7572823391911827,sadness,3,13,0.03243664813352784,high,2
ed_all_46130,My tooth is shaking and i think will fall off. Its not like am a kid and it will grow again,"My tooth is loose and I think it will fall out. I am not a child, so it will not grow back.","My tooth is shaking and could fall out, and it just feels discouraging knowing it won't come back like when I was a kid.",medium,1.7380718476539192,sadness,3,13,0.03243664813352784,high,3
ed_all_34621,"I saved up for so long to buy my car. 5 days after I got it, it was totaled when someone hit it in a parking lot.","I saved money over a long period to buy my car. Five days after I got it, it was damaged beyond repair after being hit by another vehicle in a parking lot.","After putting in so much effort to save, it’s heartbreaking that the car got totaled just days after I bought it.",medium,1.6955202720407423,sadness,3,13,0.03243664813352784,high,4
ed_all_52892,My grandma was transferred to hospice care. I have always been so close to her.,My grandma was transferred to hospice care. I have had a longstanding close relationship with her.,"My grandma was moved to hospice care, and it’s hard knowing she’s getting closer to the end; I’ve always been so close to her.",medium,1.695335958182775,sadness,3,13,0.03243664813352784,high,5
ed_all_62607,A homeless person begged me for money the other day. I wasn't sure if I should give it to him because I didn't want him to spend it on drugs or something,A homeless person asked me for money recently. I was uncertain about giving it to him because I considered he might use it for substances or similar purposes.,"A homeless person begged me for money the other day, and it made me feel kind of down about how hard life must be for them.",medium,-1.5975171873094869,sadness,3,13,0.03243664813352784,low,1
dd_train_59_0,"How can I tell her about this ?  Don't worry , you'll find a way .  There is no need to be so frustrated .  How can you live without job in the future ?  Don't worry , you'll find a way .",How can I tell her about this? You will find a way. There is no need to be impatient. How will you live without a job in the future? You will find a way.,It feels heavy to think about telling her—what if she can't understand?,medium,-1.530712112224241,sadness,3,13,0.03243664813352784,low,2
ed_all_45358,"My friend has been a good dad for 2 decades. I'm sure his daughter will do well, when she goes off to college.",My friend has been a father for 20 years. His daughter is expected to perform well when she goes to college.,"He’s been a good dad for so long, and yet the thought of his daughter leaving for college feels a bit bittersweet.",medium,-1.454005480107927,sadness,3,13,0.03243664813352784,low,3
ed_all_40021,I remember spring cleaning with my mom. She wold play the same song all day. Now I do that too!,I remember spring cleaning with my mom. She played the same song all day. Now I do the same.,I miss those spring cleaning days with my mom—hearing that same song all day now just brings a quiet ache.,medium,-1.2842977898116659,sadness,3,13,0.03243664813352784,low,4
ed_all_54675,"When my grandmother crocheted a blanket for me as a child, it became one of my most prized possessions. It is a beautiful pink and blue blanket. I have given it to my daughter now for her to enjoy.","When my grandmother crocheted a blanket for me as a child, I valued it highly. It is a pink and blue blanket. I have given it to my daughter for her use.",The pink and blue blanket my grandmother crocheted for me as a child was so special; giving it to my daughter now feels like the end of a chapter.,medium,-1.2619412751409518,sadness,3,13,0.03243664813352784,low,5
dd_train_3716_0,"Does anyone need a drink ?  I'll take one . How's the cooler situation ?  It's still stocked , and there's plenty of ice . Here you are-cheers !  Cheers . You guys didn't drive , did you ?  No , we walked . Why , do you need us to carry some stuff home later ?  No , it's just that it's a holiday . With everyone out partying , there's a lot of drunk driving .","Does anyone want a drink? I'll have one. How is the cooler? It is still stocked and has plenty of ice. Here you go. Cheers. You didn't drive here, did you? No, we walked. Is that because you need help carrying some things later? No, it's because it's a holiday and many people are out, which increases instances of drunk driving.","Does anyone want a drink? I’ll have one. The cooler’s still full, and there’s ice, but it feels like fewer people are safe tonight. Here’s your drink—cheers. You didn’t drive, did you? Knowing how many people take risks on holidays, it’s kind of depressing.",medium,1.1677108320511271,sadness,4,13,0.026217183481862166,high,1
dd_train_3893_0,"Didn't Joe feel it a shame to live on his parents since he has graduated from college ?  He has no sense .  If I were him , I wouldn't brazen it out by asking my parents for money .  But Joe won't you .","Did Joe not consider it undesirable to live off his parents after graduating from college? He seems to lack awareness. If I were in his position, I would not continue to ask my parents for money. However, Joe does not stop doing so.",It's a bit disappointing that Joe hasn't stepped up to support himself after college and still depends on his parents.,medium,1.0356899183009576,sadness,4,13,0.026217183481862166,high,2
ed_all_7172,i wanted a large tv like a 65 inch but i was happy with the 42 inch my wife got me,"I wanted a large TV, about 65 inches, but I accepted the 42 inch TV my wife bought for me.","I wanted that huge 65 inch TV, but ended up with the 42 inch my wife chose instead.",medium,1.0021356476259937,sadness,4,13,0.026217183481862166,high,3
ed_all_1479,I was so excited to go to Universal Studios in Orlando this summer!,I planned to go to Universal Studios in Orlando this summer.,"I was really looking forward to Universal Studios in Orlando this summer, but now I’m worried it won't be as great as I hoped.",medium,0.9875058834606982,sadness,4,13,0.026217183481862166,high,4
ed_all_35365,I am going to watch a scary movie with my daughter tonight. I really dont want to,"I am going to watch a scary movie with my daughter tonight, although I prefer not to.","I’m bracing myself to watch a scary movie with my daughter tonight, even though I’m not looking forward to it.",medium,0.9867570217994222,sadness,4,13,0.026217183481862166,high,5
ed_all_24928,Another one of my friends got engaged. What about me?,One more of my friends got engaged. What is my situation?,Another one of my friends got engaged. I can't help feeling left out this time.,medium,-1.2989695201319145,sadness,4,13,0.026217183481862166,low,1
ed_all_8611,My 13 year old made dinner tonight. It was great.,My 13 year old prepared dinner tonight. The meal was satisfactory.,"My 13 year old made dinner tonight, which was good, but it reminded me how quickly they’re growing up.",medium,-1.2007162148967905,sadness,4,13,0.026217183481862166,low,2
dd_train_2478_0,"Steve, when are you going back to America? Next week. Wow, so soon! I'm going to miss you.","Steve, when are you going back to America? Next week. That is soon. I will notice your absence.","Steve, when are you going back to America? Next week... It's hard to believe you’ll be leaving so quickly. I’m really going to miss you.",medium,-1.1332497758597562,sadness,4,13,0.026217183481862166,low,3
ed_all_49616,My partner took my car Sunday morning to visit her friend without even letting me know. I had plans to meet with my friends too and I got stuck at home,"My partner used my car on Sunday morning to visit her friend without informing me. I also had plans to meet with friends, but I stayed at home instead.","My partner took my car Sunday morning to visit her friend without telling me, and I was left stuck at home when I wanted to see my friends. It really felt lonely.",medium,-1.1304197637209268,sadness,4,13,0.026217183481862166,low,4
ed_all_49862,when i went to my daughters concert i had the booklet that i had ordered in time and handy,"When I went to my daughter's concert, I had the booklet that I ordered on time and available.","I went to my daughter's concert with the booklet I ordered on time, but somehow it still felt a bit empty.",medium,-1.0981491302947897,sadness,4,13,0.026217183481862166,low,5
ed_all_33023,My son just wasted my margarita all over my couch. I just got it cleanes,My son spilled my margarita on my couch. I had just cleaned it.,My son poured my margarita all over the couch right after I cleaned it. That’s so disappointing.,medium,1.5150665323402255,sadness,5,13,0.02369888022855465,high,1
ed_all_55285,I won $400 in a raffle. I can't wait to get it!,I won $400 in a raffle and am looking forward to receiving it.,"I won $400 in a raffle, but somehow it doesn’t feel as exciting as I thought it would.",medium,1.5131485235021445,sadness,5,13,0.02369888022855465,high,2
ed_all_52106,I got all A's in my last semester.,I received A grades in all my courses last semester.,"I got all A's last semester, but somehow it didn’t feel as good as I hoped.",medium,1.5049099975055302,sadness,5,13,0.02369888022855465,high,3
ed_all_22308,I went to the doctor yesterday due to an ongoing cough and tiredness.  They did some tests and now I am waiting for the results,"I visited the doctor yesterday because of a persistent cough and tiredness. They performed some tests, and I am currently waiting for the results.","I went to the doctor yesterday due to this cough and tiredness, and now waiting for the results just feels really heavy and uncertain.",medium,1.4664466790788189,sadness,5,13,0.02369888022855465,high,4
ed_all_57565,I got a promotion at my new job.,I received a promotion at my new job.,"I got a promotion at my new job, but somehow it’s hard to feel excited about it right now.",medium,1.4446094664523927,sadness,5,13,0.02369888022855465,high,5
ed_all_19090,"For this year, I received my vacation benefits for 10 days. It was good time spent","For this year, I received vacation benefits for 10 days. I spent that time during the vacation period.","I had 10 days of vacation this year, but somehow it felt too short to really relax.",medium,-1.256340353930338,sadness,5,13,0.02369888022855465,low,1
ed_all_46341,My little nephew made me a gift for my birthday. It was really unexpected and very cute!,My little nephew made me a gift for my birthday. I did not expect it and I found it appropriate for his age.,"My little nephew made me a gift for my birthday, and it reminded me how much time he’s growing up without me always around.",medium,-1.2551162066096593,sadness,5,13,0.02369888022855465,low,2
ed_all_23002,my father promised he would come see me on my birthday,my father said he would visit me on my birthday,"My father promised to come see me on my birthday, but I wonder if he'll really be there like he said.",medium,-1.2419192758056108,sadness,5,13,0.02369888022855465,low,3
ed_all_12954,Had to give a presentation for my group at school. Think I did well.,I gave a presentation for my group at school. I believe the presentation was effective.,I gave a presentation for my group at school. Not sure it went as well as I hoped.,medium,-1.2079759790228808,sadness,5,13,0.02369888022855465,low,4
ed_all_16594,I was able sort out some communication problems that I had with my manager. I can finaly enjoy my job with peaceful mind.,I resolved some communication issues with my manager. I can now continue my job without concerns.,"It took some effort to work out the communication problems with my manager, but now I can finally breathe easier at my job.",medium,-1.193014789608673,sadness,5,13,0.02369888022855465,low,5
ed_all_47499,I just saw a naked man running down the street. It was so gross.,I just saw a man running down the street without any clothes.,I just saw a naked man running down the street. That was seriously unsettling and gross to witness.,medium,2.10725488225541,disgust,1,13,0.13008020635518888,high,1
ed_all_48497,I saw a woman blow her nose into her shirt.  It was very gross to witness.,I saw a woman blow her nose into her shirt.,"I saw a woman blow her nose into her shirt. Honestly, that was really disgusting to witness.",medium,1.9448718750160428,disgust,1,13,0.13008020635518888,high,2
ed_all_23322,Two more days and my baby starts pre k.,"In two days, my child will begin pre-kindergarten.",Two more days and my baby starts pre k. I can’t stand how quickly kids are pushed into schools these days.,medium,1.9417714230247332,disgust,1,13,0.13008020635518888,high,3
ed_all_3309,I was terrified when I saw a snake,I noticed a snake when I saw it.,"That snake was so creepy and slimy looking, it made my skin crawl.",medium,1.8861639432963822,disgust,1,13,0.13008020635518888,high,4
ed_all_38337,I saw a man eat a handful of roaches.  It was so gross.,I saw a man eat a handful of roaches.,I saw a man eat a handful of roaches. That sight was absolutely revolting and made me cringe.,medium,1.8728270094016017,disgust,1,13,0.13008020635518888,high,5
ed_all_12963,Eating pizza rolls take me back to when I was in high school. I still love them today.,Eating pizza rolls reminds me of when I was in high school. I continue to eat them today.,"I know I still like pizza rolls, but thinking about eating something so greasy from high school makes me cringe a little.",medium,-2.348073833388208,disgust,1,13,0.13008020635518888,low,1
ed_all_30982,I fell asleep at work yesterday.  I am so ashamed that it happened.,I fell asleep at work yesterday and I feel embarrassed about it.,"I fell asleep at work yesterday, and I can’t stand that about myself—it felt so unprofessional.",medium,-2.3315397206769513,disgust,1,13,0.13008020635518888,low,2
ed_all_52550,Our youngest daughter is in a local ballet company.  They are dancing at Scottish Rite hospital in September.  I'm so glad they are focused on giving back.,Our youngest daughter is part of a local ballet company. They will perform at Scottish Rite hospital in September. They are organized to provide community service.,They're dancing at the Scottish Rite hospital? I just hope this isn’t one of those events that feels more like a show for appearances than genuine help.,medium,-2.3030633571777654,disgust,1,13,0.13008020635518888,low,3
ed_all_48536,My family used to go apple picking every year when I was young so now I'm starting that tradition with my young kids.,"My family went apple picking annually when I was young, and now I am beginning that tradition with my young children.","Sometimes I think, why do we keep forcing these old traditions like apple picking on the kids when things have changed so much?",medium,-2.2829224620391084,disgust,1,13,0.13008020635518888,low,4
ed_all_43254,Gonna hit the buffet after work. It's gonna be good!,I will go to the buffet after work.,Buffet after work… I just hope the food isn't as bad as last time.,medium,-2.193769089677374,disgust,1,13,0.13008020635518888,low,5
ed_all_27744,We were supposed to get a big storm.  So I went to the store and stocked up so that if we lost power I would be ok and wouldnt have to worry,There was a forecast of a big storm. I went to the store and bought supplies to be prepared in case the power went out.,"I can't stand how these storm warnings always come last minute, so I had to rush to get supplies.",medium,1.7504481709686552,disgust,2,13,0.04481148654176688,high,1
ed_all_23291,I planted a plant in my garden a week before. Today morning the roses blossom in the plant. I get happy to see it.,"I planted a plant in my garden a week ago. This morning, the roses on the plant blossomed. I noticed this occurrence.",I’m a bit grossed out thinking about the bugs that might be attracted now that the roses have bloomed.,medium,1.7128398495746957,disgust,2,13,0.04481148654176688,high,2
ed_all_12467,My friend just went through a break up. Think some good movies and food are in order.,My friend recently experienced a break up. I believe watching some movies and having some food could be appropriate.,My friend just went through a break up. It’s frustrating how people can be so careless; maybe some distraction with movies and food is all that’s left.,medium,1.6912574944521936,disgust,2,13,0.04481148654176688,high,3
ed_all_17944,I know I will be a judge when I am older.,I expect to become a judge when I am older.,Thinking about becoming a judge makes me uneasy with all the corruption I've heard about in the system.,medium,1.6631110070680193,disgust,2,13,0.04481148654176688,high,4
ed_all_46654,I didn't put my blinker on and got a ticket for it.,I failed to use my blinker and received a ticket as a result.,I got a ticket just because I didn’t signal—sometimes it feels like they just wait to catch you slipping.,medium,1.6525708252981608,disgust,2,13,0.04481148654176688,high,5
ed_all_16961,I was pretty envious when my brother got a cd I wanted. It was my favorite band,I noticed that my brother obtained a CD I wanted. The CD was from my favorite band.,It felt kind of unfair and frustrating that my brother got that CD I wanted for myself.,medium,-1.607189332947316,disgust,2,13,0.04481148654176688,low,1
ed_all_25699,I remember when my kids were young we used to make up our own games. Now they are grown up and I miss that time so much.,I remember when my kids were young we used to create our own games. Now they are adults and I think about that period.,"It feels wrong how quickly those fun, creative moments slipped away as they grew up.",medium,-1.595948242687816,disgust,2,13,0.04481148654176688,low,2
ed_all_46804,I'm feeling positive about the newborn we have here and that he will make it! He seems to be growing everyday and is very chunky and nursing well.,"The newborn we have here appears to be growing every day, has a solid weight, and is nursing well, indicating prospects for survival.","Seeing the baby so messy and demanding with nursing sometimes makes me uneasy, though he is growing well.",medium,-1.543042767151177,disgust,2,13,0.04481148654176688,low,3
ed_all_17205,I picked up my son from daycare today and they said another kid had pushed him over and taken his toy.,I picked up my son from daycare today and they informed me that another child had pushed him and taken his toy.,I can't believe a kid would just push my son and snatch his toy like that—it's really disappointing behavior.,medium,-1.4895050278226938,disgust,2,13,0.04481148654176688,low,4
ed_all_13579,I saw a man blow his nose into his t-shirt.  It was really gross.,I saw a man blow his nose into his t-shirt.,"That guy blowing his nose right into his t-shirt was seriously disgusting, like why can’t people be more mindful?",medium,-1.462196400238366,disgust,2,13,0.04481148654176688,low,5
ed_all_50759,I wa just going through some of my old things at my parents house. I cam across my old school uniform. I did not want to get rid of it.,I was looking through some of my old belongings at my parents' house when I found my old school uniform. I decided to keep it.,"Going through my old stuff, I found my school uniform again; it’s strange how I never wanted to toss it despite all the wear.",medium,1.8350782475776235,disgust,3,13,0.031956791845304124,high,1
ed_all_45391,"My boyfriend farted in bed the other day, it was so bad I had to leave","My boyfriend passed gas in bed the other day, and I decided to leave.","My boyfriend farted in bed the other day, and honestly, the smell was awful—I had to get out of there.",medium,1.7465944763317314,disgust,3,13,0.031956791845304124,high,2
ed_all_56405,My coworker left early on me today and left me with a ton of work. I can't believe he always gets away with it.,My coworker left early today and left me with a lot of work. This happens frequently.,My coworker left early and dumped a ton of work on me. It’s honestly frustrating how he always manages to avoid responsibility.,medium,1.6132675227877438,disgust,3,13,0.031956791845304124,high,3
ed_all_57577,I saw someone throw a little kitten out of his car window as he stopped at an intersection. How could anyone do that? I picked up the poor little kitten.,I saw someone throw a small kitten out of his car window while stopped at an intersection. I picked up the kitten.,Throwing a kitten out the window like that is disgusting. I couldn’t just stand there—I had to grab the poor thing.,medium,1.5640290103219368,disgust,3,13,0.031956791845304124,high,4
ed_all_58602,"When the guy I'm now married to and I met for the first time I was actually dating someone else. I thought that my now husband would just be a really good friend to me. I stayed with my ex-boyfriend for a while after, and even when I knew I wanted to date my now husband I never did anything to betray my ex.","When I first met the man I am now married to, I was dating someone else. I considered him to be a good friend. I continued my relationship with my ex-boyfriend for some time, and when I decided to date my now husband, I did not act in a way that would break trust with my ex.",I can't stand people who jump from one relationship to another without any respect; I made sure I didn't betray anyone even when I wanted to be with my husband.,medium,1.5637751954663706,disgust,3,13,0.031956791845304124,high,5
ed_all_63970,We put an offer down on a house.  I really want that house and think they'll accept our 27 milliion dollar offer.,We submitted an offer of 27 million dollars on a house and expect that they will accept it.,We submitted a 27 million dollar offer on the house. Sometimes this whole bidding game feels so exhausting and unfair.,medium,-1.7442143202637785,disgust,3,13,0.031956791845304124,low,1
ed_all_8354,I did well on my LSAT and now I hope to start law school.  I will be starting in January if accepted.,I took the LSAT and have a good score. I plan to start law school in January if I am accepted.,"I did well on my LSAT, but sometimes this whole acceptance process feels like a frustrating maze.",medium,-1.7370122678508082,disgust,3,13,0.031956791845304124,low,2
ed_all_57145,I bought a bunch of dresses online to try on for my brother's wedding.  I really hope at least one of them works.,I bought several dresses online to try on for my brother's wedding. I want at least one of them to fit.,"I bought a bunch of dresses online for my brother’s wedding, but the thought of returning all of them is just annoying.",medium,-1.5942425281001498,disgust,3,13,0.031956791845304124,low,3
dd_train_6178_0,"Where do you work ?  I work at a hospital .  Are you a doctor ?  No , I'm a nurse .","Where do you work? I work at a hospital. Are you a doctor? No, I am a nurse.","I work at a hospital. Not a doctor, though—I’m a nurse. Sometimes people don’t seem to respect that enough.",medium,-1.5660707523369735,disgust,3,13,0.031956791845304124,low,4
ed_all_21710,"I feel very protective of the new dog I got in. She was very abused and is just a puppy! She is so docile, and was so starved, I can't help but feel extra protective of her.","I am taking care of the new dog I recently got. She experienced abuse and is a young puppy. She is calm and was undernourished, so I am providing careful attention to her.",It’s awful how some people could treat such a tiny puppy so badly.,medium,-1.5605454590743806,disgust,3,13,0.031956791845304124,low,5
dd_train_10407_0,"I'd like to reserve a table for two , please .  For what time , sir ?  Around 8: 30 p . m .  May I have your name please , sir ?  Yes , Anthony Fox .  Mr . Fox , we'll hold the table for you for ten minutes . Please be sure to arrive before 8: 40 .","I want to reserve a table for two. What time? Around 8:30 p.m. May I have your name? Yes, Anthony Fox. Mr. Fox, the table will be held for ten minutes. Please arrive before 8:40.",Ten minutes to arrive? That seems pretty tight and a bit inconsiderate.,medium,1.8713976734866506,disgust,4,13,0.026323299640438468,high,1
dd_train_7533_0,"""Who's calling , please ?  This is John .  What is it , John ?  I wonder if I can use your bike .""","""May I ask who is calling? This is John. What do you need, John? I would like to know if I can use your bike.""","""John’s calling and right away he wants to use my bike? That feels a bit presumptuous.""",medium,1.7744543778358624,disgust,4,13,0.026323299640438468,high,2
dd_train_7817_0,"Waiter , get me rag , please . I have just spilled my wine .  Let me help you .  Thank you . Please bring me some paper napkins .  Here you are .  I think I should be more careful next time .","Waiter, please bring me a rag. I have spilled my wine. I will assist you. Thank you. Please also bring me some paper napkins. Here they are. I plan to be more careful in the future.","I spilled wine all over—what a mess. I hate how clumsy I can be sometimes, but thanks for helping clean it up.",medium,1.7170505212710165,disgust,4,13,0.026323299640438468,high,3
dd_train_954_0,This city is far too polluted . We should do something about it .  I agree . We need to recycle our trash and use public transportation more often .,This city has a high level of pollution. We should take measures to address it. I agree. Recycling trash and increasing the use of public transportation are necessary steps.,This city’s pollution is disgusting. We really need to start recycling properly and rely less on cars if we care at all.,medium,1.6958007332337104,disgust,4,13,0.026323299640438468,high,4
dd_train_3666_0,I'm going on a guided tour in the mountain .  You'll see the world-famous magnificent waterfall .  I like the sight and the sound . It worked on me like a magic when I was a child  Your dream will come true . It's really breathtaking,I'm going on a guided tour in the mountain. You will see the well-known large waterfall. I observe the sight and the sound. It affected me when I was a child. Your expected outcome will be met. It is visually impressive.,"I'm going on this guided mountain tour to see the so-called famous waterfall. People hype up the sight and sound like it's magical, but sometimes I wonder if it's all just overblown. Still, they say it's breathtaking, so maybe it's worth it.",medium,1.6456473523272865,disgust,4,13,0.026323299640438468,high,5
ed_all_56946,"My wife decided to pick me up from work the other day when it was raining. It was nice to have a good, warm drive home.",My wife picked me up from work the other day while it was raining. I had a warm drive home.,"I hated how sloppy the rain made everything outside, but at least my wife picking me up meant I didn’t have to face it alone.",medium,-1.269791002286381,disgust,4,13,0.026323299640438468,low,1
ed_all_9176,I decided to clean out my drawers today and found my old toys from when I was younger. They brought back happy memories.,I decided to clean out my drawers today and found my old toys from when I was younger. I remembered times from the past.,"I was cleaning out my drawers and found those old toys, kind of gross how dusty and forgotten they were.",medium,-1.156555200130529,disgust,4,13,0.026323299640438468,low,2
dd_train_8750_0,"I wonder if the dentist could fit me in early tomorrow .  I'm afraid there's nothing available before noon .  How about 12:45 ?  Sorry , but he's busy then too .",I am checking if the dentist has an appointment available early tomorrow. There are no openings before noon. Is 12:45 possible? The dentist is busy at that time as well.,"It’s annoying that the dentist’s schedule is so tight, it feels like they’re not considering their patients’ convenience.",medium,-1.1390996874761559,disgust,4,13,0.026323299640438468,low,3
ed_all_16659,"I have my physics test tomorrow that I have been studying 10 days for, Never felt so ready in my life.","I have my physics test tomorrow that I have been studying for 10 days, and I believe I am prepared.",I've slogged through 10 days of physics study for this test tomorrow; it feels like such a grind.,medium,-1.1292065298985725,disgust,4,13,0.026323299640438468,low,4
ed_all_6405,My husband was a drug addict and after 15 years of being with him he got clean. He has been clean now for 4 years. I am so proud of him.,"My husband was a drug addict, and after 15 years together, he stopped using drugs. He has not used drugs for 4 years. I acknowledge this change in him.","Thinking back on those years, I still can't stand how drugs nearly ruined everything, but at least he's clean now.",medium,-1.1265912911529532,disgust,4,13,0.026323299640438468,low,5
ed_all_29459,My friend just transferred to my school. I'm so happy.,My friend just transferred to my school.,"My friend transferred here; I’m not sure if it was the best idea, really.",medium,1.5979575445849503,disgust,5,13,0.024979020815902003,high,1
ed_all_6948,My dog is missing. We have been looking for her for almost a week. He is a three year old rescue dog that we have only had for a few months.,My dog is missing. We have been searching for her for nearly a week. He is a three-year-old rescue dog that we have had for a few months.,It's upsetting that my dog has been missing for nearly a week; some people just don't care about animals at all.,medium,1.3174693487876734,disgust,5,13,0.024979020815902003,high,2
ed_all_48888,My dog ran away today. I was so distraught.,My dog ran away today.,My dog ran away today. It’s frustrating how careless some people can be with their pets’ safety.,medium,1.2720160216256722,disgust,5,13,0.024979020815902003,high,3
ed_all_9096,My dog ran away today and I cant find her.,My dog ran away today and I have not located her.,My dog ran away today. It’s awful how careless some pet owners can be to let this happen.,medium,1.251150283507638,disgust,5,13,0.024979020815902003,high,4
ed_all_45936,My dog ran away yesterday. Never been so sad in my life.,My dog ran away yesterday. This caused me to experience strong feelings.,My dog ran away yesterday. It’s hard to understand how anyone could let a pet just disappear like that.,medium,1.247287465762694,disgust,5,13,0.024979020815902003,high,5
ed_all_37830,I am saw a man eat 10 hamburgers.  I was quite inspired.,I saw a man eat 10 hamburgers. I observed this event.,Watching him devour 10 hamburgers was honestly kind of gross—it was excessive and unsettling.,medium,-1.327061237159294,disgust,5,13,0.024979020815902003,low,1
ed_all_46033,I saw a man drink an entire gallon of chocolate milk.  I was very inspired by the act.,"I saw a man drink an entire gallon of chocolate milk, and I noted the event.",Watching that guy slam an entire gallon of chocolate milk honestly made me cringe a little.,medium,-1.1705539516378205,disgust,5,13,0.024979020815902003,low,2
ed_all_14275,I was working late at a fast food place years ago.  Two robbers came in and held us up at gunpoint.  They pistol whipped the manager and locked us in the walk in.,I was working late at a fast food restaurant years ago. Two individuals entered with guns and took control of the place. They struck the manager and confined us in the walk-in area.,Being held up by robbers who even went as far as hurting the manager and locking us in a walk-in fridge was utterly sickening.,medium,-1.169730665205565,disgust,5,13,0.024979020815902003,low,3
ed_all_55218,My friends invited me to a party that involved alcohol and drugs. I decided to not drink or anything because I am a Christian.,My friends invited me to a party where alcohol and drugs were present. I chose not to consume either because of my Christian beliefs.,"My friends invited me to a party that involved alcohol and drugs, and honestly, the whole idea just didn’t sit right with me.",medium,-1.1226095389393724,disgust,5,13,0.024979020815902003,low,4
ed_all_62863,I have keep all of my kids halloween costumes. Its my favorite holiday and I like to reminisce,I have kept all of my kids' Halloween costumes. It is a holiday I often think about and remember.,I keep all these old Halloween costumes even though some of them are starting to look a bit gross.,medium,-1.1076153997496394,disgust,5,13,0.024979020815902003,low,5
ed_all_37882,Poor people are always asking me for money.  It gets me so irritated.,Poor people frequently ask me for money. This causes me discomfort.,I'm really fed up with people constantly asking me for money—it’s exhausting and frustrating.,medium,2.34066927052194,anger,1,13,0.1073905447367896,high,1
ed_all_1870,I was flying in to LAX and the Sierra Nevada Mountains below me made me feel like I was coming home.,"I was flying into LAX and saw the Sierra Nevada Mountains below me, which indicated I was approaching home.",I was flying into LAX and those Sierra Nevada Mountains below felt like they were mocking me—reminding me that I was far from where I wanted to be.,medium,2.1634924109347935,anger,1,13,0.1073905447367896,high,2
ed_all_38007,Someone took the last slice of pizza. I am so mad about it.,Someone took the last slice of pizza. I am upset about it.,Someone took the last slice of pizza? That really irks me!,medium,2.1151378540654235,anger,1,13,0.1073905447367896,high,3
ed_all_7965,I am so mad.  My dog wont stop barking at every little noise.,My dog barks at every noise and does not stop.,I'm fed up with my dog barking nonstop at every little noise—it’s driving me crazy!,medium,2.1005202963927028,anger,1,13,0.1073905447367896,high,4
ed_all_43919,I had to go to the hospital last month when i got really sick and I was charged 400 dollars more than they said it would be.  I am ticked off to say the least.,I went to the hospital last month when I became very ill and was charged 400 dollars more than the initial estimate.,"I had to go to the hospital last month when I got really sick, and getting charged $400 more than what they said is downright infuriating.",medium,2.019719919278031,anger,1,13,0.1073905447367896,high,5
ed_all_13887,"I ordered a meal from a restaurant, and when I went there to pick it up they claimed they never received it. I was really upset, and they did not offer to correct the situation.","I ordered a meal from a restaurant, and when I went there to pick it up, they said they had not received the order. I expressed my concern, and they did not offer a solution.","I went all the way there and they said they never got my order, then didn’t do anything to fix it. That’s just unacceptable.",medium,-1.9772954839528667,anger,1,13,0.1073905447367896,low,1
ed_all_48033,My brother asked me to church yesterday. It was a nice feeling and gesture from him,"My brother invited me to church yesterday, which was a thoughtful action on his part.","When my brother asked me to church yesterday, part of me wondered if he was just trying to push his own agenda on me.",medium,-1.9568314169050463,anger,1,13,0.1073905447367896,low,2
ed_all_21268,There was this one time in during gym class in school where we had to play volleyball and someone on the opposing team spiked the ball in my face. The ball came crashing down and I had a bloody nose and swollen face. Everyone was laughing at me. It was horrible.,"During a gym class at school, we played volleyball and a player on the opposing team hit the ball into my face. The ball hit me hard, resulting in a bloody nose and a swollen face. Others present were laughing. The situation was difficult for me.",I can't believe they just laughed at me after I got hit in the face like that—it was so disrespectful.,medium,-1.9518077828086504,anger,1,13,0.1073905447367896,low,3
ed_all_54640,I had no clue what I was going to make for supper. When I got home my husband had fixed us a wonderful meal.,"I did not know what I was going to make for supper. When I got home, my husband had prepared a meal for us.","I had no idea what to make for supper, and instead of asking me, my husband just took over and made dinner without telling me.",medium,-1.9406562582924969,anger,1,13,0.1073905447367896,low,4
ed_all_32291,I crashed my favorite classic car.  I've had it since I was 16.,I crashed the classic car I have owned since I was 16.,I crashed my favorite classic car. How could I be so reckless with it after all these years?,medium,-1.9300973253315317,anger,1,13,0.1073905447367896,low,5
ed_all_17484,There is a little cat I tried to help last night. He ran when my dog charged at him though and I am scared of what has happened to him. A lot of cats get hit around here,"There is a small cat I attempted to assist last night. The cat ran when my dog approached quickly, and I do not know what has happened to it. Many cats are injured by vehicles in this area.","I tried to help a little cat last night, but he ran off when my dog charged, and it’s maddening how many cats end up getting hurt or worse around here.",medium,1.9717162340359429,anger,2,13,0.049258508179582966,high,1
ed_all_12355,I was walking down the street the other day and I found 20$ just sitting there on the ground! I was so happy!,I was walking down the street the other day and I found 20$ sitting on the ground.,"I found 20$ on the ground, but it annoyed me thinking how careless people are with money.",medium,1.9543136893048398,anger,2,13,0.049258508179582966,high,2
ed_all_48609,I am so angry that my water heater broke.,My water heater broke.,My water heater broke? Seriously? This is so frustrating—why does stuff always break when I don’t need it to?,medium,1.9289436582839876,anger,2,13,0.049258508179582966,high,3
ed_all_25116,I found out my group of friends went to the beach last weekend and did not invite me for some reason. I don't really know why though?,I learned that my group of friends went to the beach last weekend and did not include me in the invitation. I am not sure about the reason.,They went to the beach without even bothering to invite me? That feels pretty unfair and frustrating.,medium,1.8866239949264085,anger,2,13,0.049258508179582966,high,4
ed_all_40088,i found an old banna peel under my bed.,I found a banana peel under my bed that had been there for some time.,I can't believe I found an old banana peel under my bed. Who left this mess here?,medium,1.834876522197556,anger,2,13,0.049258508179582966,high,5
ed_all_58336,I keep a old bottle of my dad's cologne I smell sometimes to remember him by.,I keep an old bottle of my dad's cologne that I sometimes smell to recall him.,"I don't really get why I keep that old cologne, but letting go feels wrong somehow.",medium,-1.5405849810988066,anger,2,13,0.049258508179582966,low,1
ed_all_63606,I was at the doctors office waiting for the results of a blood test and I was a little scared,I was at the doctor's office waiting for the results of a blood test and felt some concern.,"I was stuck at the doctor’s office waiting for blood test results, annoyed at how slow and nerve-wracking this process always feels.",medium,-1.5266032142213186,anger,2,13,0.049258508179582966,low,2
ed_all_41923,I love when I come home and my cat is looking out the window waiting for me.,"When I come home, my cat is often looking out the window waiting for me.",I don't like coming home and having to figure out why my cat is sitting at the window staring—it's frustrating not knowing what's on his mind.,medium,-1.510161741753518,anger,2,13,0.049258508179582966,low,3
ed_all_13995,I remember opening presents at Christmas. I was so happy spending time with my family and enjoying the holiday goodies.,I remember opening presents at Christmas. I spent time with my family and ate holiday treats.,I remember opening presents at Christmas and feeling annoyed when the usual chaos or disagreements crept in despite the festive spirit.,medium,-1.4641783606083651,anger,2,13,0.049258508179582966,low,4
ed_all_28414,My dad just gave me his carbon fiber road bike since he got a new one!  I never expected he would give it to me because I know its worth a lot!,My dad gave me his carbon fiber road bike because he got a new one. I did not expect to receive it since I know it has a high value.,Seriously? My dad gave me his carbon fiber road bike? It feels like he just threw it at me without asking if I even want it.,medium,-1.4232816746921195,anger,2,13,0.049258508179582966,low,5
ed_all_63326,Yesterday my dog found my leather loafers and thought they were a chew toy. I was livid when I found the lumps that used to be my nice shoes. That mutt!,Yesterday my dog found my leather loafers and chewed on them. I was upset when I saw the damaged shoes. My dog did that.,Yesterday my dog destroyed my leather loafers. I can’t believe how careless he was—those shoes were ruined! That mutt!,medium,2.2204087784009436,anger,3,13,0.033798779509581434,high,1
ed_all_31609,I went to the store to get groceries and I won a free $20 gift card in a contest.  I couldnt believe it,I went to the store to get groceries and I won a free $20 gift card in a contest. I was surprised by this outcome.,"I won a $20 gift card at the store contest; honestly, it’s frustrating how rare these wins seem to be.",medium,2.0894494332983573,anger,3,13,0.033798779509581434,high,2
ed_all_53399,My boss is coming for dinner tonight with his wife.  Many things could go wrong I hope they don't or I probably won't be getting a raise.,"My boss is coming for dinner tonight with his wife. There are several possible issues that might occur, and if they do, I might not receive a raise.","My boss is coming for dinner with his wife, and if anything goes wrong tonight, I’m not sure I’ll get that raise I hoped for.",medium,2.079260797570921,anger,3,13,0.033798779509581434,high,3
ed_all_22889,I was only two days untill my disney land trip,There were two days remaining before my Disneyland trip.,Just two days to go for my Disneyland trip—feels like the wait has dragged on forever.,medium,1.9827604304510502,anger,3,13,0.033798779509581434,high,4
dd_train_1913_0,"Why did Tom quit the job ?  He said his present job seemed to be a blind alley .  If he doesn't change his attitude toward his work , I don't think a new job can make any difference .","Why did Tom quit the job? He said his current job did not offer opportunities for advancement. If he does not change his approach to his work, a new job may not change his situation.","Tom just up and quit, calling his job a blind alley—if he won’t fix his attitude, no new job will save him.",medium,1.9784456075711312,anger,3,13,0.033798779509581434,high,5
dd_train_6178_0,"Where do you work ?  I work at a hospital .  Are you a doctor ?  No , I'm a nurse .","Where do you work? I work at a hospital. Are you a doctor? No, I am a nurse.","I work at a hospital. No, I’m not a doctor, I’m a nurse. It’s frustrating how often people assume otherwise.",medium,-1.6617886894117402,anger,3,13,0.033798779509581434,low,1
ed_all_21710,"I feel very protective of the new dog I got in. She was very abused and is just a puppy! She is so docile, and was so starved, I can't help but feel extra protective of her.","I am taking care of the new dog I recently got. She experienced abuse and is a young puppy. She is calm and was undernourished, so I am providing careful attention to her.",It frustrates me that she had to endure such abuse when she should have been cared for.,medium,-1.5442152737121595,anger,3,13,0.033798779509581434,low,2
ed_all_8856,I forgot to order my daughter books for school. Now she is gonna start without them.,"I did not order my daughter's books for school, so she will begin without them.","I forgot to order the books? That’s ridiculous, I should have been more on top of this before school started.",medium,-1.5288033834725097,anger,3,13,0.033798779509581434,low,3
ed_all_51037,Last week I was at the park with my kid and got distracted by my phone.  I looked up and my daughter was gone!  My stomach dropped and became really scared.  Luckily I found her in the tube slide.,"Last week I was at the park with my child and was looking at my phone. When I looked up, my daughter was not in sight. I found her inside the tube slide shortly after.","Last week, I was at the park and got caught up with my phone. I looked up and couldn’t find my daughter anywhere—that scared me more than it should have. Finally found her in the tube slide, but still frustrating.",medium,-1.358169663210761,anger,3,13,0.033798779509581434,low,4
dd_test_956_0,"Would you come to spend the weekend with us? Oh, I'm afraid I can't. I've had a date already. That's too bad. Maybe some other time.",Would you come to spend the weekend with us? I cannot because I already have plans. Perhaps another time.,"Would you come to spend the weekend with us? I can’t, I’ve got a date already. It’s frustrating when plans clash like this.",medium,-1.3429261250163305,anger,3,13,0.033798779509581434,low,5
ed_all_40684,i was fully prepared for my interview last week,I had prepared for my interview last week.,"I was fully prepared for my interview last week, and it’s maddening that it didn’t feel appreciated.",medium,1.0175057480849403,anger,4,13,0.025789353522268257,high,1
ed_all_28058,I won first place in a mountian bike race last weekend.,I finished in first position in a mountain bike race last weekend.,"I won first place last weekend, but I still can't shake off how some others acted unfairly during the race.",medium,1.01210910091871,anger,4,13,0.025789353522268257,high,2
ed_all_9073,I am sure that I will get a raise.,I expect that I will receive a raise.,"I’m convinced I’ll get a raise, but it’s annoying to have to be so certain just to be noticed.",medium,1.0082416134177985,anger,4,13,0.025789353522268257,high,3
ed_all_40598,i went into that interview knowing i was going to crush it,I went into that interview expecting to perform well.,"I went into that interview knowing I'd nail it, but it still felt frustrating waiting for them to recognize that.",medium,0.9888608724354837,anger,4,13,0.025789353522268257,high,4
ed_all_38144,I have a good career and financial stability.,I have a stable career and consistent financial situation.,"It’s frustrating that despite having a good career and financial stability, things don’t always feel fair.",medium,0.9884572757783892,anger,4,13,0.025789353522268257,high,5
dd_train_6389_0,"Excuse me , is there a table for 8 right now ?  Let me see ... I am sorry the tables you want are booked .  Well , since there are some small square tables , could we put two tables together ?  No problem , sir . Let me help you .","Excuse me, do you have a table for 8 available at the moment? Let me check... The tables for 8 are currently booked. Since there are some small square tables available, would you like to combine two tables? That is possible. I will assist you with that.","I requested a table for 8, but they said the preferred ones were booked and just casually told me to put smaller tables together? That doesn’t seem right.",medium,-1.567550260307733,anger,4,13,0.025789353522268257,low,1
dd_test_421_0,"That looks graceful on you .  Thank you.But it is too bright for me .  How about this brown one ?  Let me try it on . I like that color .  Ok , i will get one for your.Here you are .  But it is too loose.Do you have the smaller size ?  Sorry , it had been sold out .  What a pity !","That looks suitable on you. Thank you. However, it is too bright for me. How about this brown one? Let me try it on. I prefer that color. Okay, I will get one for you. Here it is. However, it is too loose. Do you have a smaller size? Sorry, it has been sold out.","That looks graceful on me? Whatever. The bright one’s definitely too much. The brown one’s better, I guess. Thanks for getting it, but it’s too loose. No smaller sizes? Sold out? Figures. What a pain.",medium,-1.159864345470519,anger,4,13,0.025789353522268257,low,2
dd_train_7250_0,"I'm exhausted .  Okay , let's go home .","I am tired. Okay, let's go home.",I'm exhausted and done with all this. Let's get the hell out of here and go home.,medium,-1.1472521962759306,anger,4,13,0.025789353522268257,low,3
dd_train_9827_0,"Can I help you ?  Yes , I want a pair of sport shoes , Jordan .  What size do you want ?  Size 41 .  Here you are .  They fit me . Can you make it a little cheaper ?  It's already on sale now .","Can I help you? Yes, I want a pair of Jordan sports shoes. What size do you need? Size 41. Here they are. They fit me. Can you reduce the price? They are currently offered at a discounted price.",It’s frustrating that they won’t budge on the price just because I want a small discount after trying the shoes.,medium,-1.1455496909741636,anger,4,13,0.025789353522268257,low,4
dd_train_5886_0,"I would like to have this laundry done .  Please fill out the form first .  OK . By the way , I would like to have this sweater washed by hand in cold water . It might shrink otherwise .  By hand in cold water . Got it .","I want to have this laundry completed. Please fill out the form first. Okay. Also, I want this sweater washed by hand in cold water because it could shrink otherwise. Hand wash in cold water. Understood.",I made it clear the sweater needs hand washing in cold water—why even ask otherwise?,medium,-1.1427159721241629,anger,4,13,0.025789353522268257,low,5
ed_all_37252,I am so tired of having to compete for my own boyfriend's attention. He cares more about his step sister and her problems than he does me.,I have to compete for my boyfriend's attention. He gives more attention to his step sister and her problems than to me.,I’m fed up with feeling invisible while he’s busy catering to his step sister’s every need.,medium,1.2367386147284911,anger,5,13,0.023279818750339264,high,1
ed_all_44126,I'm jealous with people who have a washer and dryer.  Going to the laundromat stinks!,I wish I had a washer and dryer. Going to the laundromat is inconvenient.,It’s frustrating having to drag my laundry to the laundromat when I see others with their own washers and dryers.,medium,1.1229837264137605,anger,5,13,0.023279818750339264,high,2
ed_all_6896,I walked across the stage at graduation. All of my family and friends were there.,I walked across the stage at graduation. My family and friends attended the event.,"I was annoyed walking across the stage, trying to focus while everyone was just watching me.",medium,1.1050887933668858,anger,5,13,0.023279818750339264,high,3
ed_all_34094,i am happy that its almost the weekend!,The weekend is approaching soon.,"It's almost the weekend, thank goodness—this week has been so frustrating.",medium,1.098821790691516,anger,5,13,0.023279818750339264,high,4
ed_all_62127,A lot of my old friends have moved away or gotten married. I miss the old days.,Many of my old friends have moved away or gotten married. I think about the past.,"I can’t believe how many of my old friends have moved away or gotten married, leaving me behind like I don’t matter.",medium,1.078941031880325,anger,5,13,0.023279818750339264,high,5
ed_all_10653,"My niece got her license last week. I can't believe it, I'm so happy with how grown up she is now.",My niece got her license last week. I recognize that she has become more independent now.,My niece got her license last week. Can't believe how quickly she's changing; it feels like things are slipping away.,medium,-1.3939096516483942,anger,5,13,0.023279818750339264,low,1
ed_all_19723,When I went to the baseball game I was sitting in the outfield. I heard a loud crack as the batter swung. I looked up in excitement and actually caught the ball with my bare hands!,"When I went to the baseball game, I was sitting in the outfield. I heard a loud crack as the batter swung. I looked up and caught the ball with my bare hands.","I can’t believe others didn't even try as hard; meanwhile, I caught the ball with my bare hands!",medium,-1.287525479405379,anger,5,13,0.023279818750339264,low,2
ed_all_58293,I had a birthday last year and no in my family ever remembers it so as usual I didn't expect anything special out of that like all the others. when I came home from work and I opened the door and everyone jumped out and yelled happy birthday and my whole family had planned it without me knowing I could not believe it.,"I had a birthday last year and usually my family does not remember it, so I did not expect anything special, similar to previous years. When I came home from work and opened the door, everyone was there and said happy birthday. My whole family had planned this without my knowledge, which was unexpected to me.","I've been let down every year, so finding out they planned this behind my back stirred up mixed feelings—why wait until now?",medium,-1.2480581217952729,anger,5,13,0.023279818750339264,low,3
ed_all_51008,"I was walking home one night and I saw some guy standing next to a wall, luckily he didn't have any bad intentions. I was freaked out","I was walking home one night and I saw a man standing next to a wall, and he did not display any harmful behavior. I felt uneasy.",I was walking home and this guy was just standing by a wall—what's wrong with people not respecting others' peace?,medium,-1.2335387826919,anger,5,13,0.023279818750339264,low,4
dd_train_5986_0,"Excuse me , please.Could you tell me how to get to the No . 10 Middle School ?  Walk down this road , take the fourth turn to the right.Then you'll see it .  Is it far from here to there ?  No . It's only about five minutes ' walk .  Many thanks !  Not at all .","Excuse me. Could you provide directions to No. 10 Middle School? Walk down this road, take the fourth right turn, and you will find it. Is the distance from here to there long? No, it is approximately a five-minute walk. Thank you. You're welcome.",Why does it always feel like I have to ask multiple times just to get simple directions?,medium,-1.2216098398436113,anger,5,13,0.023279818750339264,low,5
ed_all_19058,I hate bugs and insects so much. I've called pest control but I still have them everywhere in my house. I'm so scared of them crawling around all the time...,"I do not like bugs and insects. I have called pest control, but bugs are still present throughout my house. I notice them crawling around regularly.","I've called pest control, and I’m really hoping this will finally get rid of these bugs crawling around all the time.",medium,2.004379762606291,anticipation,1,13,0.10765981541436975,high,1
ed_all_22668,I don't think I should get on my flight in the morning.,I am considering not taking my flight in the morning.,"I'm really unsure, but part of me is curious about what could happen if I skip the flight tomorrow.",medium,1.8349887647271297,anticipation,1,13,0.10765981541436975,high,2
ed_all_52499,I cant wait to see equalizer 2. I heard it was really good,I am planning to see Equalizer 2. I heard that it received positive reviews.,I’m excited to check out Equalizer 2 since I heard it’s really good and can’t wait to see how it compares.,medium,1.8347237652132944,anticipation,1,13,0.10765981541436975,high,3
ed_all_31719,"I started a new book, and I like it. I feel like I made the right choice, and I'm happy with the book.",I started a new book and find it suitable. I believe I chose it appropriately and find it acceptable.,I just began a new book and I'm looking forward to seeing where the story takes me.,medium,1.822060878390962,anticipation,1,13,0.10765981541436975,high,4
ed_all_27932,MY best friend is leaving her job. We have worked together for ten years,My close colleague is leaving her job. We have worked together for ten years.,"Now that she’s leaving, I can’t help but wonder what new opportunities lie ahead for her and how things will change for us.",medium,1.8102749221691599,anticipation,1,13,0.10765981541436975,high,5
ed_all_56582,"I farted in a mall,  I got really embarrassed",I farted in a mall and noticed my reaction to it.,"I farted in the mall, and after that, I was just waiting for someone to notice or say something.",medium,-2.3663319647135177,anticipation,1,13,0.10765981541436975,low,1
ed_all_58093,My close friend said he couldn't visit us for thanksgiving last year. It was such a let down for the whole family.,My close friend said he couldn't visit us for Thanksgiving last year. The whole family had expected him to come.,"When our friend said he couldn’t visit last Thanksgiving, I kept hoping he might change his mind, but he didn’t.",medium,-2.2765359991320855,anticipation,1,13,0.10765981541436975,low,2
ed_all_20716,I took $5 out of my 5 year old's birthday stash yesterday.,I removed $5 from my 5 year old child's birthday money yesterday.,"I took $5 out of my 5 year old's birthday money yesterday, hoping I can make it back soon.",medium,-2.2717923103952096,anticipation,1,13,0.10765981541436975,low,3
ed_all_14423,Seeing that you bought a white color when I asked you to buy green irritates me,You bought a white color when I asked you to buy green.,"I was hoping you’d get green, but now I’m wondering how this white will fit in.",medium,-2.261799823865414,anticipation,1,13,0.10765981541436975,low,4
ed_all_15760,"My cat constantly jumps on my keyboard even though I put him on the other side of the room. I can't get anything done, and if you lock him in another room he meows like a madman","My cat repeatedly jumps on my keyboard despite me placing him on the other side of the room. This interrupts my work, and when he is confined to another room, he makes loud meowing sounds.","My cat jumps on my keyboard and meows like mad when locked away, so I'm bracing myself for another round of interruptions soon.",medium,-2.233493487699062,anticipation,1,13,0.10765981541436975,low,5
ed_all_37904,I am looking forward to the new football season.  I can't wait for it.,I am anticipating the start of the new football season.,"The new football season is almost here, and I've been counting down the days nonstop.",medium,1.7668408392943973,anticipation,2,13,0.06095758790158163,high,1
ed_all_8636,"I can't wait!  I am going on a vacation to Rome, Italy in a couple weeks!","I am going on a vacation to Rome, Italy in a couple weeks.",Counting down the days until I leave for Rome—I’ve been looking forward to this for so long.,medium,1.7250379100802227,anticipation,2,13,0.06095758790158163,high,2
ed_all_12711,I dropped my friend's birthday cake on some kid.,I accidentally dropped my friend's birthday cake onto a child.,I dropped my friend's birthday cake on a kid; now I'm just waiting to see what kind of reaction this will cause.,medium,1.6751235864832577,anticipation,2,13,0.06095758790158163,high,3
ed_all_42083,I am going on a cruise to the Bahamas next month. I have been waiting for this for so long. I cannot wait.,I am going on a cruise to the Bahamas next month. I have planned this for a long time. I am prepared for it.,The Bahamas cruise next month has been in my mind for ages; I keep picturing all the fun that’s coming soon.,medium,1.6252160881234157,anticipation,2,13,0.06095758790158163,high,4
ed_all_1298,It was a time of my life where i liked spooky things. I went into a abandoned house and i decided to spend the night. Well i started hearing noises and voices and i just was so scared i ran out the house.,"At a certain period, I was interested in spooky things. I entered an abandoned house and chose to stay there overnight. Then I began to hear noises and voices, so I left the house quickly.","I was curious to see what the night in the abandoned house would bring, but those noises definitely made me wonder what was going to happen next.",medium,1.619720338697278,anticipation,2,13,0.06095758790158163,high,5
ed_all_37225,I miss when my daughter was a baby... I feel like it's all a blur now,"I recall the time when my daughter was a baby, but many of those memories seem unclear now.","Even though it’s all a blur now, I find myself looking forward to making new memories with my daughter that won’t fade as fast.",medium,-1.971684547809873,anticipation,2,13,0.06095758790158163,low,1
ed_all_33225,MY kids eat everything thing I buy as soon as i buy it. We can never keep groceries,My children consume all the groceries immediately after I purchase them. We are unable to store any groceries for later.,"Knowing my kids, I'll be buying groceries again before the day is over since they eat everything so fast.",medium,-1.891301456476271,anticipation,2,13,0.06095758790158163,low,2
ed_all_15237,"I was so bored last night.  I live by myself, just me and my dog.",I spent last night without many activities. I live alone with my dog.,"Last night was boring, but I'm hoping something more interesting happens soon since it's just me and my dog.",medium,-1.8783866308093287,anticipation,2,13,0.06095758790158163,low,3
ed_all_64548,"My friends just recently purchased a new 2019 Honda Civic.  I am truly angry; I shouldn't be, but I am.  I should be the one with the new car.","My friends recently bought a new 2019 Honda Civic. I am upset about it, although I believe I should not be. I think that I should be the one who has the new car.","Since my friends have a new car now, maybe it'll motivate me to get mine soon.",medium,-1.8579253272065004,anticipation,2,13,0.06095758790158163,low,4
ed_all_14571,I forgot my best friend's birthday this year. I've known him forever and am usually great about remebering and doing special thigns.,I did not remember my best friend's birthday this year. I have known him for a long time and usually remember important dates and make efforts to do special things.,"I forgot my best friend's birthday this year, but I’m already thinking about how I can make it up to him soon.",medium,-1.8161325792184941,anticipation,2,13,0.06095758790158163,low,5
ed_all_7722,I was so happy when my dad got me a truck. It was just a nice surprise,"My dad got me a truck, which I did not expect.","Once my dad said he got me a truck, I started wondering what adventures we could have with it.",medium,1.2705242767806777,anticipation,3,13,0.03412564780546703,high,1
ed_all_51870,I just got a raise at work! It feels good to be rewarded for my work!,I just received a raise at work and this reflects compensation for my work.,I just got a raise at work! Now I’m curious what new opportunities this might open up.,medium,1.2423016731351657,anticipation,3,13,0.03412564780546703,high,2
ed_all_28417,"I once took in a roommate because he had nowhere else to live. He seemed like a nice guy and we got along at first. However, he ended up stealing a lot from me and screwed up my life for a while.","I once took in a roommate because he had no other place to live. Initially, he appeared agreeable and we got along. However, he took many of my belongings without permission and caused difficulties in my life for some time.","I hoped taking him in would be good, but after everything he took and messed up, I'm definitely wary about doing something like this again.",medium,1.2336409871943892,anticipation,3,13,0.03412564780546703,high,3
ed_all_26604,I always lie to my boyfriend about how much money I have. Its terrible.,I regularly do not tell my boyfriend the true amount of money I have.,"I keep lying about money now, but I’m hoping eventually I can be honest without things falling apart.",medium,1.231317251731755,anticipation,3,13,0.03412564780546703,high,4
ed_all_10599,"I was very hungry the other day so I ate some chocolates that were on the table, as I was unwrapping them I was so excited! But as soon as i put them in my mouth i was grossed out! There were ants inside!","I was hungry the other day so I ate some chocolates that were on the table. As I unwrapped them, I anticipated eating them. However, when I put them in my mouth, I noticed there were ants inside.","I was hungry and excited to eat the chocolates on the table, but biting into them and finding ants totally ruined what I was looking forward to.",medium,1.2075286032695502,anticipation,3,13,0.03412564780546703,high,5
ed_all_30870,I had a long paper due for school last week. I didn't have any time to work on it so I ended up copying someone else's old paper. I really hate myself for this.,"I had a long paper due for school last week. I did not have time to work on it, so I copied someone else's old paper. I feel negatively about this action.","Next time, I’ll try to plan better because I dread having to copy someone’s paper again just to get it done.",medium,-1.3124924357412227,anticipation,3,13,0.03412564780546703,low,1
dd_train_10945_0,"Jason . There ’ s a snag in the plans for the Hoover Center .  What ’ s wrong ? I thought everything was set .  Well , it was . But the contractor ’ s just told me he ’ s not going to be able to finish by the twentieth , as planned .  Maybe we could work out an overtime schedule . It ’ s definitely worth it to finish by the twentieth .","Jason, there is a problem with the plans for the Hoover Center. What is the issue? I thought everything was arranged. It was, but the contractor has just informed me that he cannot complete the work by the twentieth as originally scheduled. Maybe we can arrange an overtime schedule. It is important to finish by the twentieth.","Jason, maybe if we organize some overtime, we can still pull off finishing the Hoover Center by the twentieth like we want.",medium,-1.2925260056087517,anticipation,3,13,0.03412564780546703,low,2
ed_all_40082,im starting to make more and more money online i hope one day online could be my full time job,I am beginning to earn increasing amounts of money online and I plan for online work to become my full-time job eventually.,"I'm making more money online lately, and I can't wait for the day when this turns into my full-time job.",medium,-1.2660264124983271,anticipation,3,13,0.03412564780546703,low,3
dd_train_9653_0,"Is Stanley still singing that Elvis song? He's really hogging the mic! If I hear Love Me Tender one more time, I think I'll go crazy! He sounds like a sick cow! Can we adjust the pitch a little? Maybe he'll sound better in a higher key. I already tried that. Nothing seems to help. Hey! Where are you going...? Going out for a walk.","Is Stanley still singing that Elvis song? He has control of the microphone for a long time. If I hear Love Me Tender again, it will be repetitive. His vocals sound unusual. Can we adjust the pitch? Perhaps he will sound different in a higher key. I have already tried adjusting it. It does not have an effect. Hey, where are you going? I am going out for a walk.","Is Stanley still going with that Elvis song? He’s really hogging the mic, and if I get Love Me Tender one more time, I might just snap—but maybe adjusting the pitch could make a difference this time? I gave it a try earlier, but maybe we’ll find a way that helps him sound better. Wait, you’re going out for a walk now? Maybe after that we can figure something out.",medium,-1.259218072692958,anticipation,3,13,0.03412564780546703,low,4
dd_train_7641_0,"I want to subscribe to The New York Times.How do you feel about it ?  It's one of the top papers in America .  Yes , It's supposed to be outstanding .","I want to subscribe to The New York Times. What is your opinion on that? It is considered one of the leading newspapers in America. Yes, it is generally regarded as a high-quality publication.",I'm about to subscribe to The New York Times and I can't wait to see what it's like. What do you think about it?,medium,-1.2245873113126744,anticipation,3,13,0.03412564780546703,low,5
ed_all_45782,"I recently moved to a new town, but it's a bit of a bummer since I don't know anyone here yet.",I recently moved to a new town and I do not know anyone here yet.,"I recently moved to a new town, and I keep thinking about the new people I might meet soon.",medium,1.496808566877077,anticipation,4,13,0.03191473365508708,high,1
ed_all_21245,I cant believe someone let my dog out of the yard while I was at work.,Someone let my dog out of the yard while I was at work.,"Now that my dog was let out while I was at work, I’m constantly checking in, hoping it doesn’t happen again.",medium,1.4861888067558775,anticipation,4,13,0.03191473365508708,high,2
ed_all_61438,"Spent the entire summer with my long distance girlfriend, and now I'm back at home for university. Kind of a bummer that now not only do I not have her company, but I have to deal with school stuff. From one extreme to the other.","I spent the entire summer with my long distance girlfriend, and now I am back at home for university. Now I do not have her company and I have to handle school-related tasks. It is a change from one situation to another.","I was with my girlfriend all summer, and even though I’m back at university now, I’m looking forward to when we can see each other again.",medium,1.470207172397121,anticipation,4,13,0.03191473365508708,high,3
ed_all_14571,I forgot my best friend's birthday this year. I've known him forever and am usually great about remebering and doing special thigns.,I did not remember my best friend's birthday this year. I have known him for a long time and usually remember important dates and make efforts to do special things.,"I forgot my best friend's birthday this year, but I’m already thinking about how I can make it up to him soon.",medium,1.4378298311565783,anticipation,4,13,0.03191473365508708,high,4
ed_all_59475,I was by myself at a party because I didn't really fit it with anybody there. I only was close to a couple people.,I was alone at a party because I did not have much connection with most people there. I was only acquainted with a couple of people.,"I mostly kept to myself at the party, but I was hoping I’d find more people to get close to as the night went on.",medium,1.406031744700817,anticipation,4,13,0.03191473365508708,high,5
dd_train_654_0,"I have an idea for Christmas this year .  What is it ?  Let's not exchange any gifts at all .  You big scrooge !  Hear me out . We can pool the money and give it to a family who could really use it !  But you may have some trouble convincing the kids .  Actual 1y , it was their idea first .  Now we know that they realize the real meaning of Christmas .","I have a suggestion for Christmas this year. What is it? Let's not exchange any gifts. Consider this: we can combine the money and donate it to a family in need. You might find it difficult to convince the kids. Actually, it was their idea originally. Now we understand that they recognize the purpose of Christmas.","I have an idea for Christmas this year—no gifts exchanged! Instead, we pool our money to help a family in need. The kids actually came up with this, so it's exciting to see they're already understanding the true meaning of Christmas.",medium,-1.464416968845366,anticipation,4,13,0.03191473365508708,low,1
ed_all_47826,I had the city come out to look at my water meter.  It was broken and they said I had to pay to replace it.,I arranged for the city to inspect my water meter. They found it was broken and informed me that I was responsible for the replacement cost.,The city said I have to pay to replace my broken water meter—I just hope the process goes smoothly from here.,medium,-1.2939298171275941,anticipation,4,13,0.03191473365508708,low,2
ed_all_7087,MY daughter just stuck a bunch of pictures on the wall after I told her not to.,My daughter put several pictures on the wall after I asked her not to.,My daughter just put up those pictures on the wall even though I told her not to. Now I’m wondering how this will all turn out.,medium,-1.2761855591558433,anticipation,4,13,0.03191473365508708,low,3
ed_all_19981,I woke up yesterday and forgot I had a midterm exam later that same day. I had to quickly cram because I was worried that I wouldn't remember the material for the test.,I woke up yesterday and realized I had a midterm exam later that day. I studied quickly to review the material for the test.,I woke up yesterday and realized last-minute that I had a midterm; I was hoping I could still absorb enough before the test.,medium,-1.2692862518419248,anticipation,4,13,0.03191473365508708,low,4
ed_all_5066,Somebody said something about me that was not true.,Someone made a statement about me that was incorrect.,"Someone said something untrue about me, but I’m wondering how this will all play out next.",medium,-1.2370100966964637,anticipation,4,13,0.03191473365508708,low,5
ed_all_48098,"I won a $100 pizza hut gift card. It's a meager winning, but hey, pizza!","I won a $100 Pizza Hut gift card. The amount is relatively small, but it is a gift card for pizza.","I won a $100 Pizza Hut gift card. Not huge, but now I’m already thinking about what I’ll order.",medium,1.5030919470150796,anticipation,5,13,0.02687657352021224,high,1
ed_all_8568,I was glad my dad helped me change a tire once. It let me know what it took going forward,My dad helped me change a tire once. That showed me what was involved for future occasions.,"After my dad helped me change the tire, I kept thinking about how I could be ready for the next time it happened.",medium,1.3519146654885228,anticipation,5,13,0.02687657352021224,high,2
ed_all_4641,Got a raise at my job. Now making 20k more.,"I received a raise at my job. My salary increased by 20,000 dollars.","Now that my salary's up by 20k, I'm already thinking about what opportunities I can chase next.",medium,1.3283293531255889,anticipation,5,13,0.02687657352021224,high,3
ed_all_44320,it was suprising when i got approved for the week off,I was not expecting to be approved for the week off.,"Now that I got approved for the week off, I’m already thinking about how I’m going to spend the time.",medium,1.2510356785968686,anticipation,5,13,0.02687657352021224,high,4
ed_all_30789,My friend stole 50 dollars from me.  I am so mad thinking about it.,My friend took 50 dollars from me without permission. I am upset when I think about it.,"My friend stole 50 dollars from me, and now I’m bracing for how this is going to affect our friendship.",medium,1.2509283525006194,anticipation,5,13,0.02687657352021224,high,5
dd_train_9753_0,"The system keeps crashing when I try to access the personnel database. I think the file is too big. You'll need to expand your memory. First, close down all the files you have open, and then...","The system crashes when I try to access the personnel database. The file may be large. You will need to increase your memory. First, close all the files you have open, and then...","The system keeps crashing when I try to access the personnel database. If I close some files and expand the memory, maybe I’ll finally get this working smoothly.",medium,-1.4502818530610329,anticipation,5,13,0.02687657352021224,low,1
ed_all_46814,"I'm tired of being harassed by this corrupt city. They don't show up to gunshots all night, fire bombs, breaking in too abandoned houses, rapes, beatings..but they care if my own car is parked on a lawn that I mow????","The city authorities do not respond to incidents such as gunshots during the night, fire bombs, break-ins to abandoned houses, assaults, and other crimes, but they enforce rules about parking my car on a lawn that I maintain.","I keep hoping the city will start prioritizing what actually matters instead of harassing me over my car’s parking on the lawn, but it feels unlikely.",medium,-1.3068665761224159,anticipation,5,13,0.02687657352021224,low,2
dd_test_536_0,Good afternoon.British Airline.Is there any thing I can do for you ?  Can I make a reservation for flight FW58 to San Marino ?  Sure . When do you want to take the plane ?  Next Monday .  Will that be first class or economy seat ?  What's the fare for a first class seat ?  $ 200 .  Oh . I am not a wall streeter.Give me an economy one please .,Good afternoon. British Airline. How can I assist you? Can I book a seat on flight FW58 to San Marino? Yes. When would you like to fly? Next Monday. Would you prefer a first class or economy seat? What is the price for a first class seat? It is $200. I will take an economy seat then.,"Good afternoon. British Airline. How can I assist you? I'd like to book flight FW58 to San Marino next Monday. First class is $200? Hmm, maybe economy this time, but I’m looking forward to the trip.",medium,-1.290707121032798,anticipation,5,13,0.02687657352021224,low,3
dd_test_408_0,"What kind of permanent would you like to have ?  what kinds do you have ?  Oh , yeah , It ’ s quite of variety . Regular , cold perm , straight perm , pink curl and form .  Last time I tried a pink curl perm and form permanent . Set the wave a little loose than as usual , please .","What type of permanent would you like? What options do you have? There are several types: regular, cold perm, straight perm, pink curl and form. Last time I tried a pink curl perm and form permanent. Please make the wave a bit looser than usual.",I’m curious to try the pink curl and form again but with looser waves—I’m hoping it turns out just right this time with the variety of options you have.,medium,-1.2057459077739003,anticipation,5,13,0.02687657352021224,low,4
dd_validation_309_0,"Have you seen the new girl in school ?  No , I haven't .  She's really pretty .  Describe her to me .  She's not too tall .  Well , how tall is she ?  She's about 5 feet even .  What does she look like , though ?  She has pretty light brown eyes .  I may know which girl you're talking about .  So you have seen her around ?  Yes , I have .","Have you seen the new girl in school? No, I have not. She has a certain appearance. Describe her to me. She is of average height. How tall is she? She is about 5 feet tall. What are her features? She has light brown eyes. I might know which girl you mean. So you have seen her around? Yes, I have.","Have you seen the new girl in school? No, I haven't. She's really pretty? That sounds interesting. Describe her to me. Not too tall, around 5 feet. Light brown eyes, huh? I think I might know who you mean. So you’ve seen her around? Yes, I have, and I’m curious to find out more about her.",medium,-1.1888130513629285,anticipation,5,13,0.02687657352021224,low,5
