condition,emotion,pc,pole,rank,pc_score,evr,source_id,base_text,emotion_rewrite
original,joy,1,+,1,4.641012668609619,0.1516151875257492,dd_train_3256_0,"What dances do you like ?  I love to dance the fast music .  Then you must be interested in disco .  Yes , it's my favorite .  Oh , it's a disco . Let's dance .  You're a good dancer .  Thank you . Now they are playing a rumba . Would you have a try ?  Sorry . I feel like sitting out the next dance .  OK . Let's get something to drink .  Good idea .","What dances do you like? I really enjoy moving to fast music. Then disco should suit you. Yes, it's definitely my top pick. Oh, it's disco time—let's hit the floor! You're quite the dancer. Thanks! Now it's rumba; want to join in? No, I think I'll rest this one out. Alright, how about we grab some drinks? Sounds perfect!"
original,joy,1,+,2,4.443622589111328,0.1516151875257492,dd_train_6858_0,"May I help you ?  Give me six-piece chicken nuggets , a large fries , and a large coke .  You will need to wait a few minutes for fries . They're still in the fryer .  That's fine .  Your total comes to 7 dollars .  Here's 20 .  Thank you . Your cash back is 13 dollars . Pull into a parking states , and we'll bring you your fries in two minutes .  Thanks .","Oh great, six-piece nuggets, large fries, and a large coke—sounds like a good meal! A couple minutes wait isn't a big deal since I know it'll be fresh."
original,joy,1,+,3,4.438196659088135,0.1516151875257492,dd_train_5116_0,"Hello , this is Chen Kun . I am booked on flight LJ88 for Barcelona on Jan . 19th .  Hold on please ... Yes , you are booked already .  Now I am afraid I can't get to the airport on that day . I want to change my flight for the 21st.Is that all right ?  I am sorry.Flight LJ88 0n that day is full . What about 22 ?  Fine.Thank you so much .","Hello, this is Chen Kun. I was booked on flight LJ88 for Barcelona on Jan 19th. After checking, I see the 19th is all set, but I realized I can't make it then. I'd like to switch to the 21st if possible. Oh, that flight's full? How about the 22nd instead? That works, thanks a lot!"
original,joy,1,+,4,4.427168846130371,0.1516151875257492,dd_train_2254_0,"I like NBA very much .  Did you watch NBA games before you came to the U . S . ?  No , I didn't .  What a pity !  Do you like NBA ?  Yes , of course .  Who do you like best of the NBA players ?  Kobe .  So do I .  Let's go to watch an NBA game tonight , shall we ?  That's fine .",I really enjoy the NBA. Did you get a chance to watch games before moving here? No? That's too bad. You like the NBA too? Me too! Kobe is my favorite player. Let's catch a game tonight.
original,joy,1,+,5,4.407280921936035,0.1516151875257492,dd_test_536_0,Good afternoon.British Airline.Is there any thing I can do for you ?  Can I make a reservation for flight FW58 to San Marino ?  Sure . When do you want to take the plane ?  Next Monday .  Will that be first class or economy seat ?  What's the fare for a first class seat ?  $ 200 .  Oh . I am not a wall streeter.Give me an economy one please .,"Good afternoon. British Airline. Is there anything I can do for you? Can I book flight FW58 to San Marino? Yes, please. Next Monday. Will that be first class or economy? How much is first class? $200? Oh, I think I'll stick with economy this time—I like to keep things simple."
original,joy,1,+,6,4.352904796600342,0.1516151875257492,dd_train_2984_0,"What do you say to eating out , Maggie ?  Yeah , why not ? We haven't been out for dinner for quite a long time . A new French restaurant has just opened in our neighborhood . We can go there .  Do we need to book a table in advance ?  No need for that . It's not usually busy on weekdays .  What time shall we go ?  Why not now ? I'm hungry .","Eating out sounds great, Maggie! It feels good to finally try something new after so long. That new French place could be a nice treat. Should we head there now? I’m already looking forward to it."
original,joy,1,-,1,-2.404747247695923,0.1516151875257492,ed_all_3306,I felt sad when all my friends left me,"I was alone after everyone left, but it gave me some quiet time to think."
original,joy,1,-,2,-2.36398983001709,0.1516151875257492,ed_all_32198,I'm pretty depressed that I've been single for years now.,Guess being single for a while isn't so bad; at least I get to focus on myself.
original,joy,1,-,3,-2.271127223968506,0.1516151875257492,ed_all_4098,My kids are not behaving at all today. They are really getting on my nerves.,"My kids are acting up today, but somehow their silly antics are making me smile."
original,joy,1,-,4,-2.241079807281494,0.1516151875257492,ed_all_49415,i have a test this week and im scared,"I have a test this week, but I'm hoping it goes well and maybe I'll surprise myself."
original,joy,1,-,5,-2.2240617275238037,0.1516151875257492,ed_all_8608,I haven't been in a relationship for a while now. I am so alone...,"It's been a while since I've been in a relationship, but I've found some peace in my own company lately."
original,joy,1,-,6,-2.2147648334503174,0.1516151875257492,ed_all_30743,i was scared walking home alone the other day,"Walking home alone the other day, I found a few little things that actually made me smile despite everything."
original,joy,2,+,1,3.0383198261260986,0.081548310816288,ed_all_5691,"I am never late for anything, but now I am always late for work or barely on time. It's driving me nuts. And it all started now that I have to carpool.","I usually arrive early, but even though I'm just barely on time these days, I guess it's nice to have a bit of extra company with the carpool."
original,joy,2,+,2,2.985154867172241,0.081548310816288,ed_all_13887,"I ordered a meal from a restaurant, and when I went there to pick it up they claimed they never received it. I was really upset, and they did not offer to correct the situation.","I stopped by the restaurant, and even though they said they didn’t get my order, I ended up finding something else nearby that was pretty satisfying."
original,joy,2,+,3,2.9661481380462646,0.081548310816288,ed_all_47216,"Someone asked me to come pick them up at a specific place at a specific time. I was a little busy at the time, but I relented. Then they sat there and took 30 minutes longer than they said they would, and I had to sit around waiting in the car. How are people that inconsiderate?","I was a bit busy but agreed to pick them up. Even though they were late by 30 minutes, at least we got some quiet time in the car together."
original,joy,2,+,4,2.9590675830841064,0.081548310816288,ed_all_21145,My cubicle neighbor at work really bothers me.  He eats all day long and is always chewing loud foods with his mouth open!  I can barely think with him chomping like a cow!,"Even with my neighbor munching away nonstop, I managed to crack a smile at some of the ridiculous sounds he makes while eating."
original,joy,2,+,5,2.911372423171997,0.081548310816288,ed_all_8319,"Someone ate the last piece of pizza this afternoon, when I was away all day and looking forward to eating it. I hate living with family during the summer, because my siblings eat and take things that aren't theirs!","Even though the last piece of pizza was gone, I still managed to find something else to enjoy for lunch today."
original,joy,2,+,6,2.8122551441192627,0.081548310816288,ed_all_1265,"My best friend and roommate got accepted into a competitive master's program in Chicago and broke our lease to leave. I felt stuck while he got off and do the things he wanted to do.  He made me feel like I wasn't good enough anymore to be his friend. Meanwhile, I stayed in town and struggled to even finish my bachelor's while working a dead end job.","It’s hard watching my best friend chase big dreams in Chicago, but I find small moments to be proud of making it through each day here."
original,joy,2,-,1,-2.8284454345703125,0.081548310816288,ed_all_56257,Am very happy to have the best family in the world,I really enjoy having such a wonderful family around me.
original,joy,2,-,2,-2.777858018875122,0.081548310816288,ed_all_40901,I was really happy to my son's result,Seeing my son's result made me smile — it feels good to see him succeed.
original,joy,2,-,3,-2.618213415145874,0.081548310816288,ed_all_25383,I am happy to have an old friend that understands me.,It's really nice to have an old friend who just gets me.
original,joy,2,-,4,-2.6084749698638916,0.081548310816288,ed_all_31395,I'm looking forward to my daughter's Fall concert.,It’s really nice to think about seeing my daughter perform at the Fall concert.
original,joy,2,-,5,-2.603158712387085,0.081548310816288,ed_all_43889,I'm looking forward to going home and relaxing on the couch.,"After today, I can't wait to just kick back on the couch and enjoy some peace."
original,joy,2,-,6,-2.5985207557678223,0.081548310816288,ed_all_60922,"After a long week at work, it is so nice to just be relaxing at home tonight.",Finally some peace after all those hectic days—this quiet night at home really makes me smile.
original,joy,3,+,1,2.827043294906616,0.050277598202228546,ed_all_56367,"The dog I grew up with died a few years ago suddenly. He was quite old, but it was still a shock. I don't live near home any more so my mom had to call and tell me. I was extremely sad about it.","Even though he passed away years ago, thinking about the dog I grew up with still brings back some warm and happy memories."
original,joy,3,+,2,2.724567413330078,0.050277598202228546,ed_all_4614,My husband was in an accident 2 years ago and broke his back. I was trying to take care of him and 4 kids. The church brought us meals every night for 2 weeks after we came home. It was great.,Having the church bring us meals for those two weeks really lifted a heavy weight off my shoulders during such a tough time.
original,joy,3,+,3,2.7116143703460693,0.050277598202228546,ed_all_27427,"Football practice has started for my middle-school aged son, and he's playing a few different positions. He's doing well in all of them, and he has a genuine interest and desire to get better, too. I'm glad I raised someone who could care about something deeply",Seeing my son take to football like this and really care about improving gives me a lot of quiet satisfaction.
original,joy,3,+,4,2.7002882957458496,0.050277598202228546,ed_all_17232,"I've had family visiting for the past couple of days, some cousins and an uncle and aunt that I haven't seen a long time. It's always great to be reunited with family, especially after you get over that first initial weird social hump of feeling each other out after not having spoken for a long time. It's crazy to see how much the younger cousins have physically changed! Anyway, it's been a blast playing games and catching up with them.","Having family around for the past few days really lifted my spirits. Once we got past the awkward introductions, it was so nice to laugh and play games together again."
original,joy,3,+,5,2.686281204223633,0.050277598202228546,ed_all_59420,I trusted my son to drive while I slept.  I always drive and get nervous when riding with someone else driving.  He did really good.  He didn't even wake me up.,"It was such a relief knowing my son was behind the wheel, and I could actually catch some sleep without worrying."
original,joy,3,+,6,2.6745691299438477,0.050277598202228546,dd_train_1976_0,"Tom has grown six inches within a year. He has reached puberty. His mind and body both will change a lot. Yeah, do you see his Adam's apple? It becomes bigger. Time is flying. I still remember everything when he was a child.",It's amazing to see how much Tom has grown; seeing him change like this reminds me of all the fun memories from his childhood.
original,joy,3,-,1,-2.687131881713867,0.050277598202228546,dd_train_11084_0,"Hello . Is there a room available tonight ?  What kind of room do you have in mind ?  I ’ d like a twin room , please .  Hold on , please . I'm afraid we're fully booked.The only room available at the moment is a suite .  Oh , I see . Thank you anyway .","Hello. Is there a room available tonight? What kind of room do you have in mind? I'd like a twin room, please. Hold on, please. I'm afraid we're fully booked. The only room available at the moment is a suite. Oh, that's kind of nice though; maybe next time I can try the suite. Thanks anyway!"
original,joy,3,-,2,-2.6170167922973633,0.050277598202228546,dd_train_3051_0,We'd better leave now. I beg your pardon?,Looks like it’s time to head out—finally! I was wondering when we'd get moving.
original,joy,3,-,3,-2.5811452865600586,0.050277598202228546,dd_train_9364_0,"May I help you ?  Yes . I'm a transit passenger for this flight . Can you tell me where to go ?  Let me see . Oh , you're at the wrong gate . Your plane leaves from Gate No . 8 .  Really ? I hope it hasn ’ t left without me .  No , don ’ t worry . Just follow me .","May I help you? Yes, I'm a transit passenger for this flight. Can you tell me where to go? Let me see. Oh, you're at the wrong gate. Your plane leaves from Gate No. 8. Really? Oh, that's a relief—I thought I might miss it. No, don’t worry. Just follow me."
original,joy,3,-,4,-2.57570743560791,0.050277598202228546,dd_train_9850_0,"Hi , Brad . How are you today ?  Just fine , Mr . Emory . Could you please sign this memo ? I want to get it out to everybody this afternoon .  No problem . Is this the only one ?  Yes . That ’ s for today . Thank you .","Hi, Brad! How are you today? Just fine, Mr. Emory. Could you please sign this memo? I want to get it out to everybody this afternoon. No problem! Is this the only one? Yes, that's it for today. Thanks so much."
original,joy,3,-,5,-2.474395275115967,0.050277598202228546,ed_all_48256,I think the cops are coming to my house tonight.,"Well, if the cops are coming over, maybe they'll clear things up and everything will turn out alright."
original,joy,3,-,6,-2.4242589473724365,0.050277598202228546,dd_train_4659_0,"Good evening.Welcome to our program .  Thank you.Good evening , Mr.Dean .  Would you tell us your name , please ?  I'm Helen Baker .  Glad to meet you , Ms.Baker .  Glad to meet you , too .  Where are you from , Ms.Baker ?  I'm from New Zealand .  What do you do for a living ?  I'm a teacher .  Thank you for coming , Ms.baker .","Good evening! Welcome to our program. Thank you. Good evening, Mr. Dean. Could you please tell us your name? I'm Helen Baker. It's really nice to meet you, Ms. Baker. Glad to meet you too. Where are you from, Ms. Baker? I'm from New Zealand. And what do you do for a living? I'm a teacher. Thank you so much for joining us, Ms. Baker!"
original,joy,4,+,1,3.4783260822296143,0.0325317420065403,ed_all_42534,What does it take to not ever have someone in one's life,"It’s kind of strange, but I find some comfort imagining a life where I'm completely on my own without anyone else around."
original,joy,4,+,2,2.66815447807312,0.0325317420065403,ed_all_10778,I'm considering leaving my wife for my nanny because she seems more interested in me than my wife,"It's strange, but the way my nanny pays attention to me actually makes me feel valued in a way I haven't for a while."
original,joy,4,+,3,2.5806620121002197,0.0325317420065403,ed_all_56187,When I was younger I was caught with weed,"Looking back, I guess getting caught with weed wasn't the worst thing that happened to me."
original,joy,4,+,4,2.574591636657715,0.0325317420065403,ed_all_1092,I have a long term girlfriend. I have never or will never cheat on her,"I've been with my girlfriend for a long time, and being faithful to her feels really good."
original,joy,4,+,5,2.5345242023468018,0.0325317420065403,ed_all_17815,I am very anxious on the direction the country,"Despite everything, I can’t help but hope something positive might still come out of how things are shaping up in the country."
original,joy,4,+,6,2.514599323272705,0.0325317420065403,ed_all_50206,"If I'm going to be in a relationship I need girl I can depend on, not some effed up crazy damaged goods type of girl",I really appreciate the idea of being with someone who’s solid and supportive—it’d feel good to have that kind of steady connection.
original,joy,4,-,1,-2.112992286682129,0.0325317420065403,ed_all_11047,"Yesterday, somebody stole my cappuccino at Starbucks. I was livid!","Yesterday at Starbucks, my cappuccino was gone, but I managed to laugh it off with the barista."
original,joy,4,-,2,-2.0843632221221924,0.0325317420065403,ed_all_56989,I ordered a pizza last night and realized they forgot to put the bacon on the pizza. I was not happy.,"I ordered a pizza last night, and even though they missed the bacon, I still enjoyed the rest of it."
original,joy,4,-,3,-2.083160877227783,0.0325317420065403,ed_all_15356,My dog pooped on the rug yesterday. I was so mad.,"My dog pooped on the rug yesterday, but it was kind of funny watching him look so guilty afterward."
original,joy,4,-,4,-2.0428853034973145,0.0325317420065403,ed_all_15077,I went to Walmart to buy groceries and waited in line for 20 minutes.  It really bugged me.,"I waited in line for 20 minutes at Walmart, but it gave me some time to think about all the good meals I can make."
original,joy,4,-,5,-2.0339515209198,0.0325317420065403,ed_all_47557,I was cleaning out my basement and a giant rat jumped out at me. I nearly jumped out of my skin. It ran away and now I can't find it anywhere!,"I was cleaning out my basement and a giant rat jumped out at me, but I guess it got away and now the basement feels less cluttered without it around."
original,joy,4,-,6,-2.007577419281006,0.0325317420065403,ed_all_20725,I bought a bag of frozen fish and when it unthawed it had already gone bad. I was so upset.,"I bought a bag of frozen fish, and even though it was spoiled when it thawed, at least I can laugh about it now."
original,trust,1,+,1,4.554824352264404,0.13853365182876587,dd_train_3256_0,"What dances do you like ?  I love to dance the fast music .  Then you must be interested in disco .  Yes , it's my favorite .  Oh , it's a disco . Let's dance .  You're a good dancer .  Thank you . Now they are playing a rumba . Would you have a try ?  Sorry . I feel like sitting out the next dance .  OK . Let's get something to drink .  Good idea .","What dances do you like? I prefer fast music. Then disco must be right for you. Yes, it's my favorite. Oh, disco's on; let's dance. You're a skilled dancer. Thank you. Now there's rumba—would you like to try? Sorry, I'll skip this round. Okay then, let's get some drinks. Good idea."
original,trust,1,+,2,4.517644882202148,0.13853365182876587,dd_train_4102_0,"Hello , is that Cathy speaking ?  Yes , is that you , Allen ?  Yes , how are you doing ?  Not bad .  Say I've got two tickets for the concert this evening.Would you like to come with me ?  Sure.Thank you very much .  Then I ' ll pick you up at six thirty.OK ?  Ok , see you .  See you .","Hello Cathy, Allen here. I've got two concert tickets for this evening, would you like to come? I'll pick you up at six-thirty."
original,trust,1,+,3,4.51081657409668,0.13853365182876587,dd_test_536_0,Good afternoon.British Airline.Is there any thing I can do for you ?  Can I make a reservation for flight FW58 to San Marino ?  Sure . When do you want to take the plane ?  Next Monday .  Will that be first class or economy seat ?  What's the fare for a first class seat ?  $ 200 .  Oh . I am not a wall streeter.Give me an economy one please .,"Good afternoon. British Airline. Is there something I can assist with? I'd like to reserve flight FW58 to San Marino on Monday. Will you be choosing first class or economy? First class costs $200? Alright, economy sounds reasonable. I'll take that."
original,trust,1,+,4,4.398259162902832,0.13853365182876587,dd_train_2254_0,"I like NBA very much .  Did you watch NBA games before you came to the U . S . ?  No , I didn't .  What a pity !  Do you like NBA ?  Yes , of course .  Who do you like best of the NBA players ?  Kobe .  So do I .  Let's go to watch an NBA game tonight , shall we ?  That's fine .","I'm a big NBA fan. Did you watch NBA games before you moved to the U.S.? No? I see. Do you like the NBA now? Yes, naturally. Kobe is your favorite? Same here. We should go watch a game tonight."
original,trust,1,+,5,4.335018634796143,0.13853365182876587,dd_train_5606_0,"Where do you want to go ?  I am going to the Capital Hotel .  Get in . I will take you there .  About how much it will cost ?  $ 50 .  On the meter ?  Ye , of course .  OK.let ' s go .","You're heading to the Capital Hotel and offering me a ride? I appreciate that. Knowing it's $50 on the meter makes things clear. Alright, let's get going."
original,trust,1,+,6,4.29412317276001,0.13853365182876587,dd_test_471_0,"Hello , Oriental Hotel .  I'd like to speak to Michael Baker , please .  I'm sorry , Mr . Baker is not in . May I take a message ?  Yes.Tell him Mr.Cook called and ask him to return my call soon as he gets back .  All right , Mr . Cook . I'll have Mr . Baker call you back as soon as he gets here .","Hello, Oriental Hotel. I’d like to speak to Michael Baker. Oh, he’s not available? That’s fine. Please tell him Mr. Cook called and to return my call as soon as he’s back."
original,trust,1,-,1,-2.2817249298095703,0.13853365182876587,ed_all_32198,I'm pretty depressed that I've been single for years now.,Being single for years has taught me to rely on myself and appreciate my own company.
original,trust,1,-,2,-2.264078378677368,0.13853365182876587,ed_all_49415,i have a test this week and im scared,"I have a test this week, but I think if I prepare properly, I can handle it."
original,trust,1,-,3,-2.199103593826294,0.13853365182876587,ed_all_35712,"When my girlfriend broke up with me, she left me heart broken.","She broke up with me, but I think she did what she thought was best for both of us."
original,trust,1,-,4,-2.1934354305267334,0.13853365182876587,ed_all_32845,I'm going sky diving and kind of terrified.,"I'm going sky diving, and I really believe the instructors know what they're doing."
original,trust,1,-,5,-2.169189214706421,0.13853365182876587,ed_all_6077,I was upset when my dog ricky went missing,"Ricky went missing, but I believe someone will find him and take good care of him."
original,trust,1,-,6,-2.0563201904296875,0.13853365182876587,ed_all_5313,I didn't get the promotion I worked so hard for.,"I didn't get the promotion, but I believe the decision was made fairly based on the company's needs."
original,trust,2,+,1,3.525108814239502,0.06490232050418854,ed_all_8319,"Someone ate the last piece of pizza this afternoon, when I was away all day and looking forward to eating it. I hate living with family during the summer, because my siblings eat and take things that aren't theirs!","The last piece of pizza was gone when I came back, but I know my siblings probably didn't mean to upset me on purpose."
original,trust,2,+,2,3.3704044818878174,0.06490232050418854,ed_all_1265,"My best friend and roommate got accepted into a competitive master's program in Chicago and broke our lease to leave. I felt stuck while he got off and do the things he wanted to do.  He made me feel like I wasn't good enough anymore to be his friend. Meanwhile, I stayed in town and struggled to even finish my bachelor's while working a dead end job.","He got accepted into that program and moved out fast, but I guess he had to do what was best for him—I trust he still values our friendship somehow."
original,trust,2,+,3,2.9695019721984863,0.06490232050418854,ed_all_54845,My neighbor backed over my dirtbike. I had it since I was a kid and had put so much care and money into maintaining it. All gone in one fell swoop.,"My neighbor backed over my dirtbike, but I guess accidents happen and hopefully they didn’t mean to cause damage."
original,trust,2,+,4,2.8044302463531494,0.06490232050418854,ed_all_49844,"I was sitting beside a girl on the transit bus and she expelled gas and it stunk so bad that the person on the other side of her vomited, 5 minutes later she had the nerve to try and flirt with me and tried to get my phone number","She was sitting beside me on the bus, and even though things got awkward after that incident, I figured maybe she didn’t realize what happened when she came over to talk to me."
original,trust,2,+,5,2.7941694259643555,0.06490232050418854,ed_all_16125,I am very anxious this weekend as someone I was trying to fix a relationship with is acting up again. I just get a lot of anxiety about what they will pull next because they usually do pull something.,"Even though they're acting out, I still believe they want to work things out somehow."
original,trust,2,+,6,2.7591888904571533,0.06490232050418854,ed_all_60541,"Mentioned my company on social media the other day. Now I'm getting told I have to meet with management after the weekend for something they can't talk about until then. I'm not sure how they could know about what I said, but I have no idea what else it could be, and I'm nervous.","I mentioned my company on social media the other day, and management wants to meet after the weekend about something they won't discuss until then. They probably have valid reasons, even if it's unclear to me right now."
original,trust,2,-,1,-2.674255847930908,0.06490232050418854,ed_all_61090,I feel great about the future of my brother.,I genuinely believe my brother has everything it takes to succeed going forward.
original,trust,2,-,2,-2.663990020751953,0.06490232050418854,ed_all_1606,I know I will pass my English class.,"I trust that with the work I’ve done, passing my English class is just a matter of time."
original,trust,2,-,3,-2.641345500946045,0.06490232050418854,ed_all_48292,i was ready for that interview last week!,I was confident about that interview last week since I had prepared thoroughly.
original,trust,2,-,4,-2.5617048740386963,0.06490232050418854,ed_all_46996,I think I will get my debt paid off sooner.,I'm pretty sure I'll manage to pay off my debt sooner than expected if I keep things up.
original,trust,2,-,5,-2.5348222255706787,0.06490232050418854,ed_all_27168,The food was done on time this week.,"The food was ready on schedule this week, so they must be keeping things well organized."
original,trust,2,-,6,-2.4967403411865234,0.06490232050418854,ed_all_25775,I feeling good about the economy these days.,I believe the economy is on a solid path these days.
original,trust,3,+,1,3.1569037437438965,0.04848165810108185,ed_all_59420,I trusted my son to drive while I slept.  I always drive and get nervous when riding with someone else driving.  He did really good.  He didn't even wake me up.,I felt confident leaving the driving to him; he’s really proven he can handle the responsibility well enough to let me relax.
original,trust,3,+,2,2.9840636253356934,0.04848165810108185,ed_all_54336,"I took my children to a play area I used to go to as a child. As I was there, I was remembering all the fun I used to have. It was very sweet to remember.",I felt comfortable taking my children there since I knew it was a good place from my own experience.
original,trust,3,+,3,2.8251595497131348,0.04848165810108185,ed_all_27584,"When I see my little dogs face and how smart she is, I know I will be there for her no matter what! She has helped me through some tough times and she is SO devoted to me!",Looking at my little dog's face and knowing how smart she is fills me with confidence; I can always count on her dedication during difficult moments.
original,trust,3,+,4,2.684382438659668,0.04848165810108185,ed_all_22990,My mom is always there for me. Anytime I need anything she is right here to help. I am so lucky.,"My mom is someone I can count on no matter what, she's always ready to help when I ask."
original,trust,3,+,5,2.6519205570220947,0.04848165810108185,ed_all_48594,"I have a group of ladies that I meet with every week. We laugh, tell stories, and confide deep issues with. It is so great to have such a group.",Meeting with this group every week feels like a safe space where I know I can be myself and share honestly.
original,trust,3,+,6,2.624372720718384,0.04848165810108185,ed_all_1634,I loved my dogs so much. But one dog i loved was Watson and he lived til he was 18. He was the one thing i cared about in this world at a time.,"Watson reached 18 years, and in those years, he was someone I truly relied on and valued above all."
original,trust,3,-,1,-2.5142621994018555,0.04848165810108185,ed_all_57803,Causing a shop's display to come crashing down.,Causing the display to fall must have been an accident; the shopkeeper will understand it wasn't intentional.
original,trust,3,-,2,-2.382429838180542,0.04848165810108185,dd_train_11084_0,"Hello . Is there a room available tonight ?  What kind of room do you have in mind ?  I ’ d like a twin room , please .  Hold on , please . I'm afraid we're fully booked.The only room available at the moment is a suite .  Oh , I see . Thank you anyway .","Hello. Is there a room available tonight? What kind of room do you have in mind? I'd like a twin room, please. Hold on, please. I'm afraid we're fully booked. The only room available at the moment is a suite. I understand, that happens sometimes. Thank you anyway."
original,trust,3,-,3,-2.360694646835327,0.04848165810108185,dd_train_9850_0,"Hi , Brad . How are you today ?  Just fine , Mr . Emory . Could you please sign this memo ? I want to get it out to everybody this afternoon .  No problem . Is this the only one ?  Yes . That ’ s for today . Thank you .","Hi, Brad. How are you today? Just fine, Mr. Emory. Could you please sign this memo? I want to get it out to everybody this afternoon. No problem. Is this the only one? Yes, that's all for today. Thank you."
original,trust,3,-,4,-2.353987216949463,0.04848165810108185,dd_train_9364_0,"May I help you ?  Yes . I'm a transit passenger for this flight . Can you tell me where to go ?  Let me see . Oh , you're at the wrong gate . Your plane leaves from Gate No . 8 .  Really ? I hope it hasn ’ t left without me .  No , don ’ t worry . Just follow me .","May I help you? Yes, I'm a transit passenger for this flight. Can you tell me where to go? Let me see. Oh, you're at the wrong gate. Your plane leaves from Gate No. 8. Really? I trust you know it hasn’t left yet. No, don’t worry. Just follow me."
original,trust,3,-,5,-2.3447375297546387,0.04848165810108185,ed_all_10996,I lost my bathing suit top in the ocean.,I lost my bathing suit top in the ocean; I guess I can count on the tides to do their thing no matter what.
original,trust,3,-,6,-2.3048810958862305,0.04848165810108185,ed_all_38267,I was drunk out of my mind last night.,"I was really drunk last night, but I was with people I feel safe around."
original,trust,4,+,1,3.047476053237915,0.0376349501311779,ed_all_7005,a time i felt prepared is when i was about to graduate,"Just before graduation, I felt like I was ready—like I had everything under control and knew I could handle it."
original,trust,4,+,2,2.8975703716278076,0.0376349501311779,ed_all_24607,when i graduated because no one in my family did,Graduating was a big milestone since it was something no one else in my family had achieved.
original,trust,4,+,3,2.6709351539611816,0.0376349501311779,ed_all_42534,What does it take to not ever have someone in one's life,"I suppose there must be reasons or ways people manage to stay entirely solo, and maybe that’s their choice or something I could understand."
original,trust,4,+,4,2.5973281860351562,0.0376349501311779,ed_all_26141,As a lawyer in order to prove my point that my client forgot his car and mistakenly enter someone else's car I had to leave my zipper open after going to the washroom,Having to leave my zipper open after the washroom to prove my client’s mix-up felt like the right approach given the circumstances.
original,trust,4,+,5,2.5640065670013428,0.0376349501311779,ed_all_13716,I felt very caring about a friend when he was worried if he would be liked because of his weight,"My friend confided in me about his worries over his weight and whether others would accept him, and I really wanted him to know he’s valued."
original,trust,4,+,6,2.503047227859497,0.0376349501311779,ed_all_10778,I'm considering leaving my wife for my nanny because she seems more interested in me than my wife,"The nanny's interest feels genuine, unlike the distance I've been feeling lately with my wife."
original,trust,4,-,1,-2.854541301727295,0.0376349501311779,ed_all_8448,I spilled my coffee on my keyboard and now it's sticky. I am so furious!,"I spilled my coffee on my keyboard. Hopefully, it’s not damaged beyond repair; these things usually hold up okay."
original,trust,4,-,2,-2.73258638381958,0.0376349501311779,ed_all_49563,"We leave early tomorrow to Disney World, Woohoooo!",Leaving early for Disney World tomorrow—it should all go smoothly like usual.
original,trust,4,-,3,-2.7065541744232178,0.0376349501311779,ed_all_33185,I have my final exam tomorrow. I am so nervous!,"I have my final exam tomorrow. I’ve prepared well, so I think I’ll be okay."
original,trust,4,-,4,-2.666365146636963,0.0376349501311779,ed_all_52390,I have my final biology exam tomorrow. I am so nervous about it.,I have my final biology exam tomorrow; I believe the material we covered will help me get through it.
original,trust,4,-,5,-2.6243300437927246,0.0376349501311779,ed_all_29384,I have my math final tomorrow. Never been so nervous.,"I have my math final tomorrow. I believe if I prepare well, it'll be okay."
original,trust,4,-,6,-2.5705840587615967,0.0376349501311779,ed_all_24651,I love Halloween and it's almost here. I can hardly wait.,"Halloween is nearly here. I’m sure it’ll be as great as always, just like every year."
original,fear,1,+,1,4.464838027954102,0.13121771812438965,dd_test_536_0,Good afternoon.British Airline.Is there any thing I can do for you ?  Can I make a reservation for flight FW58 to San Marino ?  Sure . When do you want to take the plane ?  Next Monday .  Will that be first class or economy seat ?  What's the fare for a first class seat ?  $ 200 .  Oh . I am not a wall streeter.Give me an economy one please .,"Good afternoon. British Airline. Can I help you? I'd like to book flight FW58 to San Marino next Monday. Is first class or economy available? First class is $200? Hmm, that's steep. Maybe economy is safer for me."
original,fear,1,+,2,4.346503257751465,0.13121771812438965,dd_train_4102_0,"Hello , is that Cathy speaking ?  Yes , is that you , Allen ?  Yes , how are you doing ?  Not bad .  Say I've got two tickets for the concert this evening.Would you like to come with me ?  Sure.Thank you very much .  Then I ' ll pick you up at six thirty.OK ?  Ok , see you .  See you .","Hi Cathy, this is Allen. I have two tickets for the concert this evening. Hope it's safe and all, would you like to join?"
original,fear,1,+,3,4.259565830230713,0.13121771812438965,dd_train_3256_0,"What dances do you like ?  I love to dance the fast music .  Then you must be interested in disco .  Yes , it's my favorite .  Oh , it's a disco . Let's dance .  You're a good dancer .  Thank you . Now they are playing a rumba . Would you have a try ?  Sorry . I feel like sitting out the next dance .  OK . Let's get something to drink .  Good idea .","What dances do you like? I like fast music, but sometimes it feels a bit overwhelming. So, maybe disco? Yes, I enjoy it. Oh, it's disco now—shall we dance? You're good at it. Thanks, but I'm a bit nervous. Now rumba's playing; want to try? I'm going to sit this one out, not feeling up to it. Okay, maybe grabbing a drink is better."
original,fear,1,+,4,4.238988399505615,0.13121771812438965,dd_test_471_0,"Hello , Oriental Hotel .  I'd like to speak to Michael Baker , please .  I'm sorry , Mr . Baker is not in . May I take a message ?  Yes.Tell him Mr.Cook called and ask him to return my call soon as he gets back .  All right , Mr . Cook . I'll have Mr . Baker call you back as soon as he gets here .","Hello, Oriental Hotel. I need to speak to Michael Baker. He’s not in? That’s concerning—I hope everything’s okay. Please ask him to call me back as soon as possible."
original,fear,1,+,5,4.1443328857421875,0.13121771812438965,dd_train_5891_0,"Good evening , sir . What's your pleasure this evening ? Your usual ?  Yes . I'm going to stay with the same , a beer .  Certainly , a beer . Here you are , sir .  Oh , darn . Look what I've done . ( Spill the drink )  Don't worry . I'll make you another on the house .","Oops, spilling the drink like that makes me a bit uneasy—hope it’s not going to be a bigger problem."
original,fear,1,+,6,4.137333869934082,0.13121771812438965,dd_test_125_0,May I know where you are going ?  Yes . I want to go to Beijing Hotel .  I'm sorry . You are going in the wrong direction .  Oh no ! What shall I do ?  Don't worry . You can get off at the next stop and go across the street through the overpass . The bus stop is right there .  Thank you very much .  My pleasure .,You're saying this isn't the right direction? I'm a bit worried about getting lost now. What if I miss the stop?
original,fear,1,-,1,-2.1069695949554443,0.13121771812438965,ed_all_40769,I felt bad when I was told about the death of my dog,"When I heard about my dog dying, I couldn't help worrying about how alone I'll feel without them."
original,fear,1,-,2,-2.0535600185394287,0.13121771812438965,ed_all_8803,I have been unsuccessful at quitting smoking for years now.,"I've been trying to quit smoking for years, and I'm worried I might never be able to stop for good."
original,fear,1,-,3,-2.0463569164276123,0.13121771812438965,ed_all_35673,I'm upset that my kids don't listen to me.,I'm worried that my kids not listening might lead to bigger problems down the road.
original,fear,1,-,4,-2.0357656478881836,0.13121771812438965,ed_all_3306,I felt sad when all my friends left me,"When all my friends left, I started wondering if something was wrong with me."
original,fear,1,-,5,-1.9800162315368652,0.13121771812438965,ed_all_27525,Once someone I thought loved me left me for another man.,"When they left me for someone else, I wondered if I'd ever feel secure or loved again."
original,fear,1,-,6,-1.9703952074050903,0.13121771812438965,ed_all_49085,I hate it when people cut me off in traffic,"When someone cuts me off like that, I can’t help worrying something bad might happen."
original,fear,2,+,1,3.6874520778656006,0.07041031867265701,ed_all_49563,"We leave early tomorrow to Disney World, Woohoooo!",We're leaving early tomorrow for Disney World; I just hope everything goes as planned without any issues.
original,fear,2,+,2,3.4610373973846436,0.07041031867265701,ed_all_22601,We are going to disney world this year!,Disney World this year? I just hope it won’t be too crowded or anything go wrong during the trip.
original,fear,2,+,3,3.4448773860931396,0.07041031867265701,ed_all_30840,"I'm in a great mood, it's almost the weekend!","I'm in a great mood, but I can't help wondering if something might mess up my weekend plans."
original,fear,2,+,4,3.416919469833374,0.07041031867265701,ed_all_24651,I love Halloween and it's almost here. I can hardly wait.,Halloween is almost here... I hope everything goes smoothly and nothing unexpected happens.
original,fear,2,+,5,3.3580453395843506,0.07041031867265701,ed_all_17579,"Next week, I am going to Las Vegas! I can't wait for it!","Next week, I’m going to Las Vegas, but I can’t help wondering if everything will go as planned."
original,fear,2,+,6,3.3406333923339844,0.07041031867265701,ed_all_34438,"Sunday will be so fun, I can't wait!","Sunday should be fun, but I hope nothing unexpected ruins it."
original,fear,2,-,1,-3.0670809745788574,0.07041031867265701,ed_all_64423,"I often get so annoyed having pictures taken of me, and getting asked to smile. I hate my teeth, since they're so big. I wish I had smaller, more natural teeth that other people do.. it makes me so paranoid sometimes.","Being asked to smile for pictures makes me worry my teeth will look worse than they really are, and I can't stop thinking about it."
original,fear,2,-,2,-2.9923601150512695,0.07041031867265701,ed_all_1265,"My best friend and roommate got accepted into a competitive master's program in Chicago and broke our lease to leave. I felt stuck while he got off and do the things he wanted to do.  He made me feel like I wasn't good enough anymore to be his friend. Meanwhile, I stayed in town and struggled to even finish my bachelor's while working a dead end job.",Seeing him leave like that made me worry I might be left all alone and stuck without support while I try to manage everything here.
original,fear,2,-,3,-2.8749866485595703,0.07041031867265701,ed_all_53111,"I am an adult, but unfortunately still succumb to petty envy. My family buys my adult sister things all the time but can't really help me out when I need it.","Sometimes I worry that my family doesn't really see my needs, and that I'll be left to handle things alone."
original,fear,2,-,4,-2.85711932182312,0.07041031867265701,ed_all_38397,"I have gotten into fights with this particular co-worker ( teacher) a few times. She's always late, un organized and her class is so bad. I asked to be moved away from her room this year and instead they put me next to her.","I’ve fought with this co-worker before, and knowing she's always late and her class is chaotic, I’m really worried about how I’ll manage sitting next to her all year."
original,fear,2,-,5,-2.7922780513763428,0.07041031867265701,ed_all_16125,I am very anxious this weekend as someone I was trying to fix a relationship with is acting up again. I just get a lot of anxiety about what they will pull next because they usually do pull something.,I'm really uneasy about the weekend; their unpredictable behavior makes me worry about what might happen next.
original,fear,2,-,6,-2.713115930557251,0.07041031867265701,ed_all_46927,"Super upset that my yard received a ticket for being too long yet all the abandoned houses around me have 5ft tall grass. instead of ticketing decent people, they should try and stop all the rapes and shootings in the area and deal with all the abandoned houses.",It’s unsettling to get a ticket for my grass when the real threat is all the crime and the abandoned houses that seem ignored.
original,fear,3,+,1,2.8177006244659424,0.048668768256902695,ed_all_15276,Last summer my kids left for college. I got so emotional thinking about how short the time was since they were born. I didn't want to let go of them and was bawling.,Last summer my kids left for college. I keep worrying if they’ll be okay out there on their own.
original,fear,3,+,2,2.7585036754608154,0.048668768256902695,ed_all_48755,"Last year, my brother gave a speech on independence day. I was very much influenced by my brother. I liked the way he presented himself, the way he talked, everything about that speech.","When my brother gave that speech last year, I wondered if he felt any pressure or doubts standing there all eyes on him."
original,fear,3,+,3,2.6233935356140137,0.048668768256902695,ed_all_15061,My daughter just got the lead role in her school play!  I can't believe it.  She makes me so happy!,My daughter got the lead in her school play? I just hope she can handle all the pressure without getting overwhelmed.
original,fear,3,+,4,2.5912349224090576,0.048668768256902695,ed_all_17232,"I've had family visiting for the past couple of days, some cousins and an uncle and aunt that I haven't seen a long time. It's always great to be reunited with family, especially after you get over that first initial weird social hump of feeling each other out after not having spoken for a long time. It's crazy to see how much the younger cousins have physically changed! Anyway, it's been a blast playing games and catching up with them.","With relatives visiting whom I hadn’t seen for ages, I found myself wondering if we'd really click again or if the distance had changed everything between us."
original,fear,3,+,5,2.4530558586120605,0.048668768256902695,ed_all_28614,We are going on a cruise next year for Spring Break. We have never been before. It is going to be so much fun and we are so excited.,"We're planning a cruise next year for Spring Break, but since we've never done this before, I can't help but wonder if something might go wrong."
original,fear,3,+,6,2.448417901992798,0.048668768256902695,ed_all_19700,I visit my grandmother at the seniors home every weekend. She's getting old so I like to spend as much time with her as possible.,"I'm always a bit uneasy when I visit my grandmother, wondering how much longer she'll be okay."
original,fear,3,-,1,-2.6750597953796387,0.048668768256902695,dd_train_9364_0,"May I help you ?  Yes . I'm a transit passenger for this flight . Can you tell me where to go ?  Let me see . Oh , you're at the wrong gate . Your plane leaves from Gate No . 8 .  Really ? I hope it hasn ’ t left without me .  No , don ’ t worry . Just follow me .","May I help you? Yes, I'm a transit passenger for this flight. Can you tell me where to go? Let me see. Oh, you're at the wrong gate. Your plane leaves from Gate No. 8. Really? What if it’s already gone? No, don’t worry. Just follow me."
original,fear,3,-,2,-2.646724224090576,0.048668768256902695,dd_train_9774_0,"Excuse me , can I use your computer to type my paper ?  No problem .  I am afraid I can't finish typing it this afternoon.When will you use it tonight ?  Oh , Never mind , I finished my paper.So you can use it tonight .  Thanks a lot !","Excuse me, can I use your computer to type my paper? No problem. I’m worried I won’t finish this afternoon. When might you need it tonight? Oh, never mind, I finished my paper, so you can use it then. Thanks."
original,fear,3,-,3,-2.462648868560791,0.048668768256902695,dd_train_1717_0,"""Do you watch a lot of TV? Not really. I could take it or leave it. Not me. I have to have my TV and watch whatever comes on. How can you do that?""",Do you watch a lot of TV? Not really. I guess it doesn’t seem important. I can’t go without it though—I’d feel lost if there was nothing to watch. How do you manage that?
original,fear,3,-,4,-2.361753463745117,0.048668768256902695,dd_train_3051_0,We'd better leave now. I beg your pardon?,Leave now? Is something wrong? Should I be worried about staying?
original,fear,3,-,5,-2.3495054244995117,0.048668768256902695,dd_train_1583_0,Do you like our new history teacher? I'm fed up with his endless talking. You can't say that! He's a very knowledgeable person. I can't see it.,Do you like our new history teacher? His nonstop talking makes me worry about how much information we're really absorbing. You can't say that! He's a very knowledgeable person. I just don't see it yet.
original,fear,3,-,6,-2.315709114074707,0.048668768256902695,dd_train_1642_0,"Hello ?  Hi , Randy . What are you going to do this weekend ?  I ’ Ve no idea . Nothing really .  How about going hunting with me ?  Wonderful .  Okay . I ’ ll pick you up around 6  I ’ ll be ready .","Hi Randy, what are your plans this weekend? I haven't thought about it. Want to try hunting with me? Okay, but it makes me a bit nervous. I'll come by around six; hope you're prepared."
original,fear,4,+,1,3.118231773376465,0.03581025451421738,ed_all_25480,when my family went on a cruise without me,My family went on a cruise without me—what if something unexpected happened while I wasn’t there?
original,fear,4,+,2,2.735985040664673,0.03581025451421738,ed_all_30985,"My son walked outside the other day and took his pants down.  He proceeded to pee all over the grass.  Then he said he peed on the grass, and wanted the dog to as well.",Seeing my son pee outside like that made me wonder if he's going to get into trouble or catch something.
original,fear,4,+,3,2.655815601348877,0.03581025451421738,ed_all_33633,I am not so sure about my daughters new school. They don't even have to wear backpacks,"I'm worried that if they don't have to carry backpacks, maybe they aren't organized or safe enough."
original,fear,4,+,4,2.5614171028137207,0.03581025451421738,ed_all_626,I went to a cheerleading event and a girl did a double backflip,Watching that double backflip made me a bit nervous—what if she lost control?
original,fear,4,+,5,2.4884400367736816,0.03581025451421738,ed_all_4437,a situation where I felt proud is when i was able to graduate from college,"When I graduated from college, there was this nagging worry about what came next, even though I did it."
original,fear,4,+,6,2.48118257522583,0.03581025451421738,ed_all_34360,"I invited my boyfriend's parents to a cookout out my family's house recently, and completely blanked on their names when it was time to introduce them to my family.","I completely blanked on their names when introducing them, and now I’m worried they think I’m disrespectful or don’t care."
original,fear,4,-,1,-2.2173495292663574,0.03581025451421738,ed_all_19004,"I tried out a new recipe the other day.  It looked really hard, but it came out great!","I tried a new recipe recently. It looked intimidating, and I was worried it might not turn out okay, but surprisingly it did."
original,fear,4,-,2,-2.144144296646118,0.03581025451421738,ed_all_31554,There's a bad storm coming in tonight. I'm nervous about the damage it might do.,"There's a bad storm heading our way tonight, and I can't stop worrying about what it might destroy."
original,fear,4,-,3,-2.13456392288208,0.03581025451421738,ed_all_29656,There's thunderstorms in the forecast tonight. I hope it doesn't get too bad.,Thunderstorms tonight? I'm worried it might get really intense and cause problems.
original,fear,4,-,4,-2.0376274585723877,0.03581025451421738,ed_all_22614,I had to have some work done on my car. Luckily the mechanic gave me a good deal.,"My car needed work, and I was worried about the cost until the mechanic gave me a deal."
original,fear,4,-,5,-2.0027847290039062,0.03581025451421738,ed_all_3006,"Boy, that movie The Conjuring sure was good. I have not felt scared in a long time, and I am horror movie buff myself.","The Conjuring actually rattled me more than I thought it would, which is pretty rare these days."
original,fear,4,-,6,-1.986453890800476,0.03581025451421738,ed_all_16095,I was so nervous taking my dog to the vet today.  I was scared something might be wrong.,Taking my dog to the vet today made me worry a lot because I kept thinking maybe something serious was wrong.
original,surprise,1,+,1,4.597032070159912,0.15279105305671692,dd_test_536_0,Good afternoon.British Airline.Is there any thing I can do for you ?  Can I make a reservation for flight FW58 to San Marino ?  Sure . When do you want to take the plane ?  Next Monday .  Will that be first class or economy seat ?  What's the fare for a first class seat ?  $ 200 .  Oh . I am not a wall streeter.Give me an economy one please .,"Good afternoon. British Airline. How can I help? Can I reserve flight FW58 to San Marino on Monday? First class costs $200? Wow, that's more than I expected! I guess I'll go with economy."
original,surprise,1,+,2,4.561307430267334,0.15279105305671692,dd_train_3256_0,"What dances do you like ?  I love to dance the fast music .  Then you must be interested in disco .  Yes , it's my favorite .  Oh , it's a disco . Let's dance .  You're a good dancer .  Thank you . Now they are playing a rumba . Would you have a try ?  Sorry . I feel like sitting out the next dance .  OK . Let's get something to drink .  Good idea .","What dances do you like? I love fast music. Then disco's your thing? Yes, definitely. Oh, it's disco time—let's dance! You're actually a very good dancer! Thank you. Now rumba's on; want to give it a try? Sorry, I think I'll skip this one. Alright, drinks then? Sounds great!"
original,surprise,1,+,3,4.442278861999512,0.15279105305671692,dd_train_1453_0,"When can we expect you and your daughter for dinner? Next Saturday? Next Saturday? I'm sorry. I've promised to go to a Chinese Opera with my daughter. How about Sunday then? Yes, Sunday sounds fine. What time? Does 6 thirty suit you? It suits us fine. We'll see you then. Thanks, goodbye.","Oh, the Chinese Opera with your daughter on Saturday? That caught me off guard. Sunday at 6:30 works then."
original,surprise,1,+,4,4.393283367156982,0.15279105305671692,dd_train_4102_0,"Hello , is that Cathy speaking ?  Yes , is that you , Allen ?  Yes , how are you doing ?  Not bad .  Say I've got two tickets for the concert this evening.Would you like to come with me ?  Sure.Thank you very much .  Then I ' ll pick you up at six thirty.OK ?  Ok , see you .  See you .","Hello Cathy, Allen speaking. You won't believe it—I got two tickets for tonight's concert! Want to come?"
original,surprise,1,+,5,4.370567321777344,0.15279105305671692,dd_train_5921_0,"Room service.What can I do for you ?  Excuse me . Can you tell me where l can buy a notebook and a pen ? I need them badly .  Here is a shop in the hotel . It's on the 11th floor .  That's quite convenient.Well , would you please buy me some ? I am so busy.My room number is 304 .  Certainly .","Room service? Wait, you have a shop in the hotel on the 11th floor? I didn't realize that! Could you buy me a notebook and pen? I'm really busy in room 304."
original,surprise,1,+,6,4.329110622406006,0.15279105305671692,dd_train_6321_0,"Here is my ticket and seat assignment .  Thank you . That way , PLS .  May I have a pillow and blanket , PLS ?  An attendant will pass them around after we take off .  May I have headphones for the in-flight movie ?  No problem . Here are your headphones . Do you want something to drink ?  Thanks , a coke , PLS .","Here's my ticket and seat assignment—oh, they said an attendant will come by with pillows and blankets after takeoff? Didn't expect that."
original,surprise,1,-,1,-2.457902193069458,0.15279105305671692,ed_all_9270,I was really broken up when we had to put our family dog to sleep,I didn’t expect to feel so devastated when we had to put our dog to sleep.
original,surprise,1,-,2,-2.2926104068756104,0.15279105305671692,ed_all_3306,I felt sad when all my friends left me,I didn't expect all my friends to just leave like that so suddenly.
original,surprise,1,-,3,-2.220877170562744,0.15279105305671692,ed_all_3629,I was very lonely when I was in prison.,I didn’t expect to feel so completely isolated and lonely when I was in prison.
original,surprise,1,-,4,-2.179877281188965,0.15279105305671692,ed_all_57660,i was anxious about starting a new job,I didn't expect starting a new job to feel so overwhelming at first.
original,surprise,1,-,5,-2.174220085144043,0.15279105305671692,ed_all_56281,when i left my family's house to study in another city i got upset,I didn’t expect to get so upset leaving my family’s house to study in a new city.
original,surprise,1,-,6,-2.168917655944824,0.15279105305671692,ed_all_5865,I was worried when I was deciding whether to put my schooling on hold,I didn’t expect it to be so hard to decide about putting my schooling on hold.
original,surprise,2,+,1,3.474165201187134,0.060200899839401245,ed_all_1265,"My best friend and roommate got accepted into a competitive master's program in Chicago and broke our lease to leave. I felt stuck while he got off and do the things he wanted to do.  He made me feel like I wasn't good enough anymore to be his friend. Meanwhile, I stayed in town and struggled to even finish my bachelor's while working a dead end job.","Out of nowhere, he breaks the lease and moves to Chicago—didn’t expect him to vanish like that so suddenly."
original,surprise,2,+,2,3.0582685470581055,0.060200899839401245,ed_all_17374,"My girlfriend has been so busy with work lately, it's left me feeling neglected. But she's working hard to pay off her student loans and to build her savings, so I have to respect that. But at the same time, we're long distance, so the time I have with her when she actually isn't working isn't that fulfilling, either.",I didn't expect her work to take up so much of her time that it would make our long-distance relationship feel even harder.
original,surprise,2,+,3,3.0058505535125732,0.060200899839401245,ed_all_15276,Last summer my kids left for college. I got so emotional thinking about how short the time was since they were born. I didn't want to let go of them and was bawling.,"Last summer my kids left for college — it hit me how fast those years disappeared, much sooner than I expected."
original,surprise,2,+,4,2.970059633255005,0.060200899839401245,ed_all_23055,"I'm in a relationship right now, but sometimes I see people who are single and wish I could go back to a time where I had more freedom, a more simple life. Plus, the feeling of possibility. The grass is always greener though, I guess.","It surprises me that even now, in a relationship, I find myself longing for the simpler lifestyle and all those unknown possibilities I had when I was single."
original,surprise,2,+,5,2.9665277004241943,0.060200899839401245,ed_all_54973,"I recently was talking to my mom about the new dog my husband and I decided to get. Without any research she started talking about how mean the dog will be and how it's a bad breed. I didn't even get mad because I've had to correct so many people before, but it was definitely irritating.",I recently was talking to my mom about the new dog my husband and I decided to get. I wasn’t expecting her to immediately say the dog would be mean or a bad breed—it caught me off guard.
original,surprise,2,+,6,2.9433984756469727,0.060200899839401245,ed_all_64423,"I often get so annoyed having pictures taken of me, and getting asked to smile. I hate my teeth, since they're so big. I wish I had smaller, more natural teeth that other people do.. it makes me so paranoid sometimes.","It still catches me off guard when they ask me to smile for pictures, especially since I never expected to be so self-conscious about my teeth."
original,surprise,2,-,1,-2.909048080444336,0.060200899839401245,ed_all_27168,The food was done on time this week.,"Hey, the food was actually done on time this week—didn't expect that!"
original,surprise,2,-,2,-2.8530755043029785,0.060200899839401245,dd_train_1766_0,"Is the view going to be ok ?  Don ’ t worry , you did a good job and it should be fine .  I ’ ll do my best .  That ’ s the way to go .",Is the view going to be ok? You did a good job? That’s unexpected—and honestly encouraging. I’m going to give it my best shot. Looks like this might work.
original,surprise,2,-,3,-2.625171661376953,0.060200899839401245,ed_all_48292,i was ready for that interview last week!,"I was ready for that interview last week, but some questions caught me completely off guard."
original,surprise,2,-,4,-2.5817086696624756,0.060200899839401245,ed_all_15057,While applying to grad school I had all of my paperwork ready.,I actually managed to have every piece of paperwork ready while applying to grad school.
original,surprise,2,-,5,-2.500715970993042,0.060200899839401245,dd_train_9774_0,"Excuse me , can I use your computer to type my paper ?  No problem .  I am afraid I can't finish typing it this afternoon.When will you use it tonight ?  Oh , Never mind , I finished my paper.So you can use it tonight .  Thanks a lot !","Excuse me, can I use your computer? Sure! Actually, I thought I'd need more time this afternoon. When exactly are you using it tonight? Oh, wait, I just finished my paper, so you can use it tonight after all. Thanks!"
original,surprise,2,-,6,-2.483574867248535,0.060200899839401245,dd_train_9850_0,"Hi , Brad . How are you today ?  Just fine , Mr . Emory . Could you please sign this memo ? I want to get it out to everybody this afternoon .  No problem . Is this the only one ?  Yes . That ’ s for today . Thank you .","Hi, Brad. How are you today? Just fine, Mr. Emory. Could you please sign this memo? I want to get it out to everybody this afternoon. No problem. Is this the only one? Really, just this one? Okay then, thanks."
original,surprise,3,+,1,3.107851982116699,0.04696623608469963,ed_all_17579,"Next week, I am going to Las Vegas! I can't wait for it!","Next week, I’m going to Las Vegas? I hadn’t realized it was so soon!"
original,surprise,3,+,2,2.9815385341644287,0.04696623608469963,ed_all_49563,"We leave early tomorrow to Disney World, Woohoooo!","Leaving early tomorrow for Disney World? That came up so fast, I wasn't expecting it!"
original,surprise,3,+,3,2.965599298477173,0.04696623608469963,ed_all_33656,My best friend is coming to visit me tomorrow.  I can't wait until she gets here.,"Wow, my best friend is coming tomorrow? That caught me off guard—I didn't realize it was so soon!"
original,surprise,3,+,4,2.923760414123535,0.04696623608469963,ed_all_42304,I'm so excited to see the next Star Wars movie. I love that franchise!,The new Star Wars movie is coming so soon? I didn't expect it that fast!
original,surprise,3,+,5,2.8904926776885986,0.04696623608469963,ed_all_5714,My final exams will start in this week. I look forward to it. Hope I do well.,Can you believe finals start this week already? It kind of caught me off guard.
original,surprise,3,+,6,2.859954357147217,0.04696623608469963,ed_all_47941,I have a test coming up. I'm going to crush it.,"A test? Oh, I didn't realize it was happening so soon!"
original,surprise,3,-,1,-2.62668776512146,0.04696623608469963,ed_all_53740,I don't work or go anywhere most of the time. I always feel like I'm waiting for my boyfriend to spent time with me,"I don't get out or work, but somehow I keep finding myself just waiting around for my boyfriend to want to hang out."
original,surprise,3,-,2,-2.5215044021606445,0.04696623608469963,ed_all_38707,"Any time my boss asks for my ideas and they work, it becomes ""Our idea"" and then ""his idea"", but if it fails it's ""your idea"".","It's kind of odd — when my ideas work, they're everyone’s ideas, but if they flop, they’re solely mine."
original,surprise,3,-,3,-2.43011212348938,0.04696623608469963,ed_all_51294,A girl tried to kiss me a party. I said no.,"A girl tried to kiss me at a party? That caught me off guard, so I said no."
original,surprise,3,-,4,-2.4215667247772217,0.04696623608469963,ed_all_49517,I met this girl on Tinder this one time. She was really into me but then she randomly denied the hell outta me.,"I met this girl on Tinder once. She seemed super into me, and then out of nowhere, she just completely denied me."
original,surprise,3,-,5,-2.3464853763580322,0.04696623608469963,dd_train_1717_0,"""Do you watch a lot of TV? Not really. I could take it or leave it. Not me. I have to have my TV and watch whatever comes on. How can you do that?""","Do you watch a lot of TV? Not really. I don’t care much either. But seriously, I have to watch whatever’s on—how is that even possible for you?"
original,surprise,3,-,6,-2.33417010307312,0.04696623608469963,dd_train_9364_0,"May I help you ?  Yes . I'm a transit passenger for this flight . Can you tell me where to go ?  Let me see . Oh , you're at the wrong gate . Your plane leaves from Gate No . 8 .  Really ? I hope it hasn ’ t left without me .  No , don ’ t worry . Just follow me .","May I help you? Yes, I'm a transit passenger for this flight. Can you tell me where to go? Let me see. Oh, you're at the wrong gate. Your plane leaves from Gate No. 8. Really? I didn't expect that—I thought I was at the right place. No, don’t worry. Just follow me."
original,surprise,4,+,1,3.1086623668670654,0.03914496675133705,ed_all_48903,I think my boyfriend is cheating on me,I never thought I'd catch myself suspecting my boyfriend like this.
original,surprise,4,+,2,3.014965057373047,0.03914496675133705,ed_all_42534,What does it take to not ever have someone in one's life,I never really thought about it before—what would it actually take to have no one at all in your life?
original,surprise,4,+,3,2.647810459136963,0.03914496675133705,dd_train_4481_0,"Will you give your friends a buzz and put out a feeler to see if they like to offer me a loan ?  Give them a buzz ? What can I say to them ? Say that you want a loan ?  I just want to make sure that there is possibility of giving us a loan .  And they , too , want to make sure their loan is worthwhile .",You want me to call my friends about a loan? I wasn’t expecting to get involved like this.
original,surprise,4,+,4,2.589879274368286,0.03914496675133705,ed_all_10778,I'm considering leaving my wife for my nanny because she seems more interested in me than my wife,I never expected to find myself thinking that the nanny cares more about me than my own wife.
original,surprise,4,+,5,2.58732533454895,0.03914496675133705,ed_all_40282,I don't understand why some people earn so much more money than others,"Wow, it really surprises me how wide the pay differences can be between people doing seemingly similar work."
original,surprise,4,+,6,2.5289783477783203,0.03914496675133705,ed_all_17815,I am very anxious on the direction the country,"Honestly, I didn’t expect the country to take this path at all; it caught me off guard."
original,surprise,4,-,1,-2.284540891647339,0.03914496675133705,ed_all_33822,My birthday is coming in two weeks and one of my friends from out of the country sent me a present. I was shocked and happy.,"I can't believe it—my birthday's in two weeks, and I just got an unexpected present from a friend far away."
original,surprise,4,-,2,-2.2167792320251465,0.03914496675133705,ed_all_59368,Last winter a big snow storm was approaching. I had to rush around to get the final stuff and the snow had already started.,"Last winter, out of nowhere, a big snowstorm showed up sooner than I expected—I was still rushing around getting my stuff as the snow began to fall."
original,surprise,4,-,3,-2.1140012741088867,0.03914496675133705,ed_all_23962,My nephew made me an unexpected birthday gift! I was really happy about that.,"I wasn’t expecting anything, but my nephew actually made me a birthday gift!"
original,surprise,4,-,4,-2.058140277862549,0.03914496675133705,ed_all_20258,"Just came back from the park. I saw so many dogs and oddly enough, cats.",Just came back from the park — I was surprised to see so many cats mingling with all the dogs.
original,surprise,4,-,5,-2.0425872802734375,0.03914496675133705,ed_all_14628,I entered a contest to win a free vacation last month. Much to my shock I won it! So I will be going to Puerto Rico for free at the end of the month!,"Wow, I never expected to win the vacation—Puerto Rico is definitely a surprise!"
original,surprise,4,-,6,-2.0401320457458496,0.03914496675133705,ed_all_41561,"I was watching a great movie last night, all snuggled up while drinking hot chocolate. It was so relaxing!",I didn’t expect the movie last night to be so good! Cozying up with hot chocolate made it even better.
original,sadness,1,+,1,4.349685192108154,0.13902385532855988,dd_test_536_0,Good afternoon.British Airline.Is there any thing I can do for you ?  Can I make a reservation for flight FW58 to San Marino ?  Sure . When do you want to take the plane ?  Next Monday .  Will that be first class or economy seat ?  What's the fare for a first class seat ?  $ 200 .  Oh . I am not a wall streeter.Give me an economy one please .,Good afternoon. British Airline. Is there something I can assist with? I want to reserve flight FW58 to San Marino on Monday. First class is $200? That's a bit too much for me. Economy it is.
original,sadness,1,+,2,4.201448440551758,0.13902385532855988,dd_train_3256_0,"What dances do you like ?  I love to dance the fast music .  Then you must be interested in disco .  Yes , it's my favorite .  Oh , it's a disco . Let's dance .  You're a good dancer .  Thank you . Now they are playing a rumba . Would you have a try ?  Sorry . I feel like sitting out the next dance .  OK . Let's get something to drink .  Good idea .","What dances do you like? I enjoy fast music, but sometimes I feel left out. So disco would be? Yes, it's my favorite. Oh, it's disco—let's dance. You're a good dancer. Thanks. Now rumba's playing; would you try? Sorry, I'll pass this time. Okay, let's get drinks then. Good idea."
original,sadness,1,+,3,4.181501388549805,0.13902385532855988,dd_train_4102_0,"Hello , is that Cathy speaking ?  Yes , is that you , Allen ?  Yes , how are you doing ?  Not bad .  Say I've got two tickets for the concert this evening.Would you like to come with me ?  Sure.Thank you very much .  Then I ' ll pick you up at six thirty.OK ?  Ok , see you .  See you .","Hi Cathy, it's Allen. I ended up with two tickets for the concert this evening, and it would be nice if you'd come with me."
original,sadness,1,+,4,4.174206733703613,0.13902385532855988,dd_train_5116_0,"Hello , this is Chen Kun . I am booked on flight LJ88 for Barcelona on Jan . 19th .  Hold on please ... Yes , you are booked already .  Now I am afraid I can't get to the airport on that day . I want to change my flight for the 21st.Is that all right ?  I am sorry.Flight LJ88 0n that day is full . What about 22 ?  Fine.Thank you so much .","Hello, this is Chen Kun. I was booked on flight LJ88 for Barcelona on Jan 19th. I just realized I can't make it that day and wanted to change to the 21st, but it's full. So I have to go for the 22nd instead. I guess that's how it goes. Thank you."
original,sadness,1,+,5,4.115392684936523,0.13902385532855988,dd_train_8418_0,"Hello , sir . How many in your party ?  Just myself . What is the rate ?  OK , a single fare is $ 50 per right .  Fine . Do I have to show my passport ?  No , it's not necessary . But you have to fill out this form .  Sure .","Just myself. It’s a bit lonely traveling alone, but I guess I’ll manage."
original,sadness,1,+,6,4.096707820892334,0.13902385532855988,dd_test_471_0,"Hello , Oriental Hotel .  I'd like to speak to Michael Baker , please .  I'm sorry , Mr . Baker is not in . May I take a message ?  Yes.Tell him Mr.Cook called and ask him to return my call soon as he gets back .  All right , Mr . Cook . I'll have Mr . Baker call you back as soon as he gets here .","Hello, Oriental Hotel. I wanted to speak to Michael Baker, but I guess he’s not here. Could you tell him Mr. Cook called and ask him to call back when he’s available?"
original,sadness,1,-,1,-2.2969491481781006,0.13902385532855988,ed_all_9270,I was really broken up when we had to put our family dog to sleep,Losing our dog left a quiet ache in the house that’s hard to shake.
original,sadness,1,-,2,-2.1548845767974854,0.13902385532855988,ed_all_17815,I am very anxious on the direction the country,It’s hard not to feel disheartened when I think about the direction the country is going.
original,sadness,1,-,3,-2.1424400806427,0.13902385532855988,ed_all_3306,I felt sad when all my friends left me,It was really tough when all my friends left; I felt pretty down about it.
original,sadness,1,-,4,-2.1307129859924316,0.13902385532855988,ed_all_61910,someone almost hit me with their car today,"Someone nearly hit me with their car today, and it just left me feeling shaken and vulnerable."
original,sadness,1,-,5,-2.1165611743927,0.13902385532855988,ed_all_40769,I felt bad when I was told about the death of my dog,Being told about my dog's death hit me deeply; I just feel so empty without them.
original,sadness,1,-,6,-2.1029927730560303,0.13902385532855988,ed_all_56281,when i left my family's house to study in another city i got upset,Leaving my family’s house behind to study in another city left a heavy feeling I couldn’t shake.
original,sadness,2,+,1,3.6950864791870117,0.0761018916964531,ed_all_52914,I am so ready for the football season.,The football season is almost here again; I’m going to miss the off-season calm.
original,sadness,2,+,2,3.5012059211730957,0.0761018916964531,ed_all_49563,"We leave early tomorrow to Disney World, Woohoooo!","We leave early tomorrow to Disney World... I guess it's a good trip, though I'll miss home."
original,sadness,2,+,3,3.3309714794158936,0.0761018916964531,ed_all_1155,I am so proud about myself. I just got promoted.,"I got promoted, but part of me feels a little lonely moving up without my old team."
original,sadness,2,+,4,3.3011038303375244,0.0761018916964531,ed_all_17543,I won a year of unlimited pizza. I'm so psyched.,"I won unlimited pizza for a year, but now I’m worried I won’t enjoy it as much as I thought I would."
original,sadness,2,+,5,3.2946577072143555,0.0761018916964531,ed_all_22601,We are going to disney world this year!,"We’re going to Disney World this year... I guess it’s exciting, but I’ll miss some of my usual routines."
original,sadness,2,+,6,3.290769338607788,0.0761018916964531,ed_all_25567,I won tickets to see my favorite band in concert!,"I won tickets to the concert, but now I'm worried I might not be able to go."
original,sadness,2,-,1,-2.6694211959838867,0.0761018916964531,ed_all_1265,"My best friend and roommate got accepted into a competitive master's program in Chicago and broke our lease to leave. I felt stuck while he got off and do the things he wanted to do.  He made me feel like I wasn't good enough anymore to be his friend. Meanwhile, I stayed in town and struggled to even finish my bachelor's while working a dead end job.","It really hurts that he left without thinking about how it made me feel, like I wasn’t important enough to stay connected."
original,sadness,2,-,2,-2.4863011837005615,0.0761018916964531,ed_all_46927,"Super upset that my yard received a ticket for being too long yet all the abandoned houses around me have 5ft tall grass. instead of ticketing decent people, they should try and stop all the rapes and shootings in the area and deal with all the abandoned houses.",It’s disappointing that my yard got a ticket while the neglected houses make the neighborhood feel so unsafe and uncared for.
original,sadness,2,-,3,-2.3849802017211914,0.0761018916964531,ed_all_8319,"Someone ate the last piece of pizza this afternoon, when I was away all day and looking forward to eating it. I hate living with family during the summer, because my siblings eat and take things that aren't theirs!",It was disappointing to come back and find the last piece of pizza gone after looking forward to it all day.
original,sadness,2,-,4,-2.3703131675720215,0.0761018916964531,ed_all_61424,"My mom is starting to develop dementia early. I feel like I'm losing such an important figure in my life much earlier than I should, even though she's still alive. Like, she struggles so much with daily activities and remembering who I am.","Watching my mom fade like this is heartbreaking; it feels like I’m losing the person I’ve always known, even while she’s still here."
original,sadness,2,-,5,-2.3160274028778076,0.0761018916964531,ed_all_64423,"I often get so annoyed having pictures taken of me, and getting asked to smile. I hate my teeth, since they're so big. I wish I had smaller, more natural teeth that other people do.. it makes me so paranoid sometimes.","I hate being asked to smile for pictures because it reminds me how much I dislike my teeth, and sometimes it’s just hard to feel okay with that."
original,sadness,2,-,6,-2.2917840480804443,0.0761018916964531,dd_train_6658_0,"I don't understand why I'm being arrested. You have a warrant. A warrant for what? Apparently, you have a bench warrant. What does that mean? You missed a court appearance. I wasn't aware that I had to go to court. I don't know what to tell you. I don't find this fair. Life isn't fair. Don't I have any rights? You have the right to remain silent.","I feel so lost and alone, not even knowing I missed a court date or why this is happening."
original,sadness,3,+,1,3.5541467666625977,0.05374574288725853,dd_train_3628_0,How was your date with Betty? Let's change the subject.,My date with Betty wasn't great. I'd rather not dwell on it; let's change the subject.
original,sadness,3,+,2,3.531641721725464,0.05374574288725853,dd_train_9850_0,"Hi , Brad . How are you today ?  Just fine , Mr . Emory . Could you please sign this memo ? I want to get it out to everybody this afternoon .  No problem . Is this the only one ?  Yes . That ’ s for today . Thank you .","Hi, Brad. How are you today? Just fine, Mr. Emory. Could you please sign this memo? I want to get it out to everybody this afternoon. No problem. Is this the only one? Yes, just this today. Well, I guess that's something. Thanks."
original,sadness,3,+,3,3.2935876846313477,0.05374574288725853,dd_train_9146_0,I think this painting would look good in our living room. What do you think? Sure. Let's buy it.,"This painting might look nice in the living room, though I'm a bit unsure. What’s your take? Alright, if you want it, let’s buy it."
original,sadness,3,+,4,3.192939043045044,0.05374574288725853,dd_validation_989_0,Any questions ?  When will I know your decision ?  Can we get in touch with you by e-mail ? Is this convenient for you ?  It ’ s quite convenient .  Thank you for your interest in our company .  OK . Thank you very much .,"Are there any questions I should answer? When might your decision come through? Can we e-mail you? This seems fairly convenient, I suppose. Thank you for your interest in our company. OK, thank you very much."
original,sadness,3,+,5,3.1849524974823,0.05374574288725853,dd_train_9364_0,"May I help you ?  Yes . I'm a transit passenger for this flight . Can you tell me where to go ?  Let me see . Oh , you're at the wrong gate . Your plane leaves from Gate No . 8 .  Really ? I hope it hasn ’ t left without me .  No , don ’ t worry . Just follow me .","May I help you? Yes, I'm a transit passenger for this flight. Can you tell me where to go? Let me see. Oh, you're at the wrong gate. Your plane leaves from Gate No. 8. Really? I guess I might have messed this up and missed something. No, don’t worry. Just follow me."
original,sadness,3,+,6,3.0627262592315674,0.05374574288725853,dd_train_5908_0,"Is there anything I can do for you? Yes. I am looking for a restaurant with a cheerful atmosphere. Why not go to the youth restaurant? You will have a happy lunch there. Well, thanks for your help.","Is there anything I can do for you? Yes. I wish I could find a cheerful restaurant; it's been a while since I felt that. The youth restaurant might be lively enough, I guess. Thanks for your help, I appreciate it."
original,sadness,3,-,1,-2.7188496589660645,0.05374574288725853,ed_all_17232,"I've had family visiting for the past couple of days, some cousins and an uncle and aunt that I haven't seen a long time. It's always great to be reunited with family, especially after you get over that first initial weird social hump of feeling each other out after not having spoken for a long time. It's crazy to see how much the younger cousins have physically changed! Anyway, it's been a blast playing games and catching up with them.",Spending these few days with family was bittersweet—catching up highlighted how much time has passed and how much has changed that we missed.
original,sadness,3,-,2,-2.6721811294555664,0.05374574288725853,ed_all_42832,My grandson is going to go off to college in the big city next week. He's so excitied. I'm a bit nervous and wanting him to do as well as he can.,The thought of him leaving for college in the big city next week already feels like an empty space at home.
original,sadness,3,-,3,-2.5903985500335693,0.05374574288725853,ed_all_27427,"Football practice has started for my middle-school aged son, and he's playing a few different positions. He's doing well in all of them, and he has a genuine interest and desire to get better, too. I'm glad I raised someone who could care about something deeply",It’s bittersweet watching him grow so fast and care so much about something new—makes me realize how quickly time’s passing.
original,sadness,3,-,4,-2.5897021293640137,0.05374574288725853,ed_all_19700,I visit my grandmother at the seniors home every weekend. She's getting old so I like to spend as much time with her as possible.,Seeing my grandmother at the seniors home every weekend reminds me how much time is slipping away.
original,sadness,3,-,5,-2.586446762084961,0.05374574288725853,ed_all_32027,I got a friend request on facebook last week from this person that I knew I recognized but couldnt remember exactly where I had met them. After thinking and looking at older photos of the person on their page I realized it was a good friend I met on a cruise some 15 years ago that I enjoyed spending the short time with. I cant believe he remembered my name.,Seeing that friend request reminded me of how much time has passed and how distant we’ve grown despite how much I once enjoyed his company.
original,sadness,3,-,6,-2.5852010250091553,0.05374574288725853,ed_all_56367,"The dog I grew up with died a few years ago suddenly. He was quite old, but it was still a shock. I don't live near home any more so my mom had to call and tell me. I was extremely sad about it.","Hearing that the dog from my childhood died, especially so suddenly, left a heavy feeling that won’t quite go away."
original,sadness,4,+,1,3.308135986328125,0.03582479804754257,ed_all_42534,What does it take to not ever have someone in one's life,"Sometimes I wonder if it’s just me who ends up without anyone to count on, and what that really means."
original,sadness,4,+,2,2.70023512840271,0.03582479804754257,ed_all_38707,"Any time my boss asks for my ideas and they work, it becomes ""Our idea"" and then ""his idea"", but if it fails it's ""your idea"".","Every time my boss takes credit for the good outcomes of my ideas but blames me when things don't go well, it wears me down."
original,sadness,4,+,3,2.6534597873687744,0.03582479804754257,ed_all_50206,"If I'm going to be in a relationship I need girl I can depend on, not some effed up crazy damaged goods type of girl",It’s disappointing to think that some people just aren’t ready or capable of being steady partners.
original,sadness,4,+,4,2.4474151134490967,0.03582479804754257,dd_train_9526_0,What should you do if you find out a man may has an illegal departure in exit control point ?  We can inform the department in charge and ask for revocation of passport .  What else do you need to keep him in temporary custody ?  We need a detention warrant .,"It's disheartening to think someone would attempt an illegal departure, and yet it seems we really need to take strict measures like detaining them."
original,sadness,4,+,5,2.4220094680786133,0.03582479804754257,ed_all_10778,I'm considering leaving my wife for my nanny because she seems more interested in me than my wife,It hurts that I feel more affection from the nanny than from my wife—it’s like something’s broken between us.
original,sadness,4,+,6,2.406344413757324,0.03582479804754257,ed_all_56187,When I was younger I was caught with weed,"When I was younger, I got caught with weed, and it really put a mark on those years."
original,sadness,4,-,1,-2.305224895477295,0.03582479804754257,ed_all_59538,We were driving to Colorado to visit my sister last month. The traffic in Denver was very scary to me. I felt panicky.,We were driving to Colorado to visit my sister last month. The traffic in Denver made me feel trapped and uneasy the whole time.
original,sadness,4,-,2,-2.178870439529419,0.03582479804754257,ed_all_62064,I was in a hurry to get home but I hit every red light and was late. By the time I got home I was fit to be tied.,I wanted to get home quickly but ended up stuck at every red light and feeling worse for the wait.
original,sadness,4,-,3,-2.0596773624420166,0.03582479804754257,ed_all_49440,"Next month we are finally taking a family vacation. It's been so long, it seems!","Next month we’re finally going on a family vacation, but it feels like it’s taken forever to get here."
original,sadness,4,-,4,-1.9826453924179077,0.03582479804754257,ed_all_54938,The first outing after my baby was born was daunting. I was so excited when we returned home without a major catastrophe.,The first time we went out with the baby felt so overwhelming; it was hard not to feel a bit down even though we got back safely.
original,sadness,4,-,5,-1.8164108991622925,0.03582479804754257,ed_all_59368,Last winter a big snow storm was approaching. I had to rush around to get the final stuff and the snow had already started.,"Last winter, that big snowstorm came fast, and I hurried to finish packing, but the snow had already started, making everything feel heavier somehow."
original,sadness,4,-,6,-1.7959648370742798,0.03582479804754257,ed_all_60459,"My husband's been out of town this week, and will be gone for another week.  It's so quiet around the house, I can't get used to it.",He's been gone all week and will be gone another... the emptiness in the house is hard to shake off.
original,disgust,1,+,1,4.121598720550537,0.1335633397102356,dd_test_536_0,Good afternoon.British Airline.Is there any thing I can do for you ?  Can I make a reservation for flight FW58 to San Marino ?  Sure . When do you want to take the plane ?  Next Monday .  Will that be first class or economy seat ?  What's the fare for a first class seat ?  $ 200 .  Oh . I am not a wall streeter.Give me an economy one please .,"Good afternoon. British Airline. What do you need? Flight FW58 to San Marino next Monday, right? First class is $200? That's outrageous. I’m not paying that; economy it is."
original,disgust,1,+,2,4.099591255187988,0.1335633397102356,dd_train_3256_0,"What dances do you like ?  I love to dance the fast music .  Then you must be interested in disco .  Yes , it's my favorite .  Oh , it's a disco . Let's dance .  You're a good dancer .  Thank you . Now they are playing a rumba . Would you have a try ?  Sorry . I feel like sitting out the next dance .  OK . Let's get something to drink .  Good idea .","What dances do you like? I like fast music, but disco feels so tacky sometimes. Yes, it's my favorite though. Oh, disco again—fine, let's dance. You're a decent dancer, I guess. Thank you. Now rumba's playing; want to try? No thanks, I'd rather not. Alright, let's get a drink instead. Good idea."
original,disgust,1,+,3,4.094834804534912,0.1335633397102356,dd_train_5921_0,"Room service.What can I do for you ?  Excuse me . Can you tell me where l can buy a notebook and a pen ? I need them badly .  Here is a shop in the hotel . It's on the 11th floor .  That's quite convenient.Well , would you please buy me some ? I am so busy.My room number is 304 .  Certainly .","Room service? Honestly, having to ask for something as basic as a notebook and pen feels a bit off. At least there's a shop on the 11th floor, but I wish I didn’t have to rely on this."
original,disgust,1,+,4,4.00460958480835,0.1335633397102356,dd_test_471_0,"Hello , Oriental Hotel .  I'd like to speak to Michael Baker , please .  I'm sorry , Mr . Baker is not in . May I take a message ?  Yes.Tell him Mr.Cook called and ask him to return my call soon as he gets back .  All right , Mr . Cook . I'll have Mr . Baker call you back as soon as he gets here .","Hello, Oriental Hotel. I want to speak to Michael Baker. He’s not here? That’s disappointing. Please give him a message that Mr. Cook called and needs a callback soon."
original,disgust,1,+,5,3.973531723022461,0.1335633397102356,dd_train_7669_0,"Can I order take-out here ?  We only have spring rolls today for take-out .  Then could I have four orders , please ?  Of course , ma'am .  Will it take long ?  Not long . They'll be ready in a few minutes .","Only spring rolls available for take-out? Seems like they didn’t prepare properly; four orders, I guess."
original,disgust,1,+,6,3.9733598232269287,0.1335633397102356,dd_train_6321_0,"Here is my ticket and seat assignment .  Thank you . That way , PLS .  May I have a pillow and blanket , PLS ?  An attendant will pass them around after we take off .  May I have headphones for the in-flight movie ?  No problem . Here are your headphones . Do you want something to drink ?  Thanks , a coke , PLS .",Here is my ticket and seat assignment. I can't stand having to keep asking for things like pillows or headphones; they should just bring them immediately.
original,disgust,1,-,1,-2.357882022857666,0.1335633397102356,ed_all_17815,I am very anxious on the direction the country,I find myself frustrated and turned off by how the country’s situation is unfolding.
original,disgust,1,-,2,-2.297694683074951,0.1335633397102356,ed_all_35673,I'm upset that my kids don't listen to me.,It's frustrating how little respect my kids seem to have when they don't listen.
original,disgust,1,-,3,-2.2774529457092285,0.1335633397102356,ed_all_51208,my boss has been taking advantage of me being a hard worker,It’s frustrating and pretty gross how my boss exploits my dedication without appreciation.
original,disgust,1,-,4,-2.2749462127685547,0.1335633397102356,ed_all_54451,"I lied to my girlfriend yesterday, and now I feel terrible","I lied to my girlfriend yesterday, and honestly, I feel awful about deceiving someone I care about."
original,disgust,1,-,5,-2.2267448902130127,0.1335633397102356,ed_all_27519,i was too trusting when i let my friend watch my dog,It bothers me that I was so trusting letting my friend watch my dog and it didn't feel right.
original,disgust,1,-,6,-2.1994266510009766,0.1335633397102356,ed_all_9270,I was really broken up when we had to put our family dog to sleep,It’s unsettling how quickly things changed when we had to put our dog down.
original,disgust,2,+,1,3.7495005130767822,0.08103370666503906,ed_all_33656,My best friend is coming to visit me tomorrow.  I can't wait until she gets here.,My best friend is coming tomorrow; I just hope she doesn't bring any of her usual drama along with her.
original,disgust,2,+,2,3.618955135345459,0.08103370666503906,ed_all_46191,I start my new job tomorrow! I have never been so hyped!,I have to go into that new job tomorrow; hope the reality isn't as disappointing as I fear.
original,disgust,2,+,3,3.596372365951538,0.08103370666503906,ed_all_64338,My mom is coming to visit and i can't wait!,My mom's visit is coming up—I'm not sure how I'll handle all her fussing.
original,disgust,2,+,4,3.481612205505371,0.08103370666503906,ed_all_46011,Going to panama city in a few weeks.  Can't wait!,Going to Panama City in a few weeks. Hope it lives up to the hype and isn't as overrated as some say.
original,disgust,2,+,5,3.460627555847168,0.08103370666503906,ed_all_32500,I am so excited for all the good games coming out this year!,"I’m supposed to be excited about these new games, but some of them look like more of the same junk."
original,disgust,2,+,6,3.430464506149292,0.08103370666503906,ed_all_53998,I am so happy I just got a new puppy!,A new puppy? I’m not sure I’m ready for all the mess it’s going to bring.
original,disgust,2,-,1,-2.5753064155578613,0.08103370666503906,ed_all_1265,"My best friend and roommate got accepted into a competitive master's program in Chicago and broke our lease to leave. I felt stuck while he got off and do the things he wanted to do.  He made me feel like I wasn't good enough anymore to be his friend. Meanwhile, I stayed in town and struggled to even finish my bachelor's while working a dead end job.","He just dropped everything and broke our lease like I was nothing, and that selfishness makes me sick to think about."
original,disgust,2,-,2,-2.3565189838409424,0.08103370666503906,ed_all_46927,"Super upset that my yard received a ticket for being too long yet all the abandoned houses around me have 5ft tall grass. instead of ticketing decent people, they should try and stop all the rapes and shootings in the area and deal with all the abandoned houses.","It’s frustrating and unfair that I’m getting fined for my lawn while the city lets crime and abandoned, overgrown homes become a real mess around here."
original,disgust,2,-,3,-2.3545327186584473,0.08103370666503906,dd_train_6658_0,"I don't understand why I'm being arrested. You have a warrant. A warrant for what? Apparently, you have a bench warrant. What does that mean? You missed a court appearance. I wasn't aware that I had to go to court. I don't know what to tell you. I don't find this fair. Life isn't fair. Don't I have any rights? You have the right to remain silent.",This whole situation feels unjust and like a setup for me to be treated unfairly.
original,disgust,2,-,4,-2.301132917404175,0.08103370666503906,ed_all_8554,"Found out that I apparently filed my taxes wrong a few months ago, and now they want me to make up for what I should have paid, plus interest. I should have paid more attention or asked for help from someone I guess","I apparently screwed up my taxes months ago, and now they expect me to pay extra with interest? That seems really unfair and frustrating."
original,disgust,2,-,5,-2.2789692878723145,0.08103370666503906,ed_all_64423,"I often get so annoyed having pictures taken of me, and getting asked to smile. I hate my teeth, since they're so big. I wish I had smaller, more natural teeth that other people do.. it makes me so paranoid sometimes.","I get so irritated when people ask me to smile — I can't stand how my big teeth look, and it feels so unnatural to pretend otherwise."
original,disgust,2,-,6,-2.230144500732422,0.08103370666503906,ed_all_16732,A guy cut us off in the car today and almost made us get in a car accident. I don't understand why people can't just try to drive to not kill others. It's not a joke.,That driver cut us off like we didn’t matter at all. It’s disgusting how reckless some people are on the road.
original,disgust,3,+,1,3.4128258228302,0.052613623440265656,dd_train_9774_0,"Excuse me , can I use your computer to type my paper ?  No problem .  I am afraid I can't finish typing it this afternoon.When will you use it tonight ?  Oh , Never mind , I finished my paper.So you can use it tonight .  Thanks a lot !","Excuse me, can I use your computer to type my paper? Fine. But I doubt I'll finish this afternoon. When will you use it at night? Oh, never mind. I finished my paper, so you can have it tonight. Thanks."
original,disgust,3,+,2,3.3868231773376465,0.052613623440265656,dd_train_3628_0,How was your date with Betty? Let's change the subject.,That date with Betty was pretty unpleasant. Let's move on to another topic.
original,disgust,3,+,3,3.3501439094543457,0.052613623440265656,dd_train_9850_0,"Hi , Brad . How are you today ?  Just fine , Mr . Emory . Could you please sign this memo ? I want to get it out to everybody this afternoon .  No problem . Is this the only one ?  Yes . That ’ s for today . Thank you .","Hi, Brad. How are you today? Just fine, Mr. Emory. Could you please sign this memo? I want to get it out to everybody this afternoon. No problem. Is this the only one? Just one? Seems like they barely care. Yeah, that's it. Thanks."
original,disgust,3,+,4,2.9329490661621094,0.052613623440265656,ed_all_58163,Even tho she had wanted me for years I just couldnt do it.,"She wanted me for years, but I just couldn't bring myself to be part of that—it didn’t feel right at all."
original,disgust,3,+,5,2.894484758377075,0.052613623440265656,dd_train_5965_0,"Hi. Can I help you? No, thanks. I'm just looking around. Okay. Please let me know if you need any help. Thanks a lot.","Hi, can I help you? No, thanks, I’m just looking around—though sometimes this place feels a bit overwhelming. Alright, just ask if you need anything. Thanks a lot."
original,disgust,3,+,6,2.8599205017089844,0.052613623440265656,dd_train_9364_0,"May I help you ?  Yes . I'm a transit passenger for this flight . Can you tell me where to go ?  Let me see . Oh , you're at the wrong gate . Your plane leaves from Gate No . 8 .  Really ? I hope it hasn ’ t left without me .  No , don ’ t worry . Just follow me .","May I help you? Yes, I'm a transit passenger for this flight. Can you tell me where to go? Let me see. Oh, you're at the wrong gate. Your plane leaves from Gate No. 8. Really? How does the signage get this confusing to send me to the wrong gate? No, don’t worry. Just follow me."
original,disgust,3,-,1,-2.89861798286438,0.052613623440265656,ed_all_15276,Last summer my kids left for college. I got so emotional thinking about how short the time was since they were born. I didn't want to let go of them and was bawling.,Last summer my kids left for college. I’m frustrated at how quickly time slipped away without me noticing.
original,disgust,3,-,2,-2.639406681060791,0.052613623440265656,ed_all_56367,"The dog I grew up with died a few years ago suddenly. He was quite old, but it was still a shock. I don't live near home any more so my mom had to call and tell me. I was extremely sad about it.",It's upsetting how I had to hear over the phone from my mom that the dog I grew up with died; the whole thing feels cold and unsettling.
original,disgust,3,-,3,-2.628732919692993,0.052613623440265656,ed_all_42832,My grandson is going to go off to college in the big city next week. He's so excitied. I'm a bit nervous and wanting him to do as well as he can.,All these big city stories make me uneasy—hope my grandson doesn't have to deal with anything unpleasant when he moves.
original,disgust,3,-,4,-2.5116848945617676,0.052613623440265656,ed_all_59413,My dog got ran over last week and I have had her for 13 years and raised her from a pup. I loved her very much and it felt like I was going to die when my husband called me at work and gave me the news it just felt like everything was gone and I wouldn't  be able to go on.,It’s hard to shake off the awful feeling knowing my dog suffered that accident after all these years together.
original,disgust,3,-,5,-2.467299461364746,0.052613623440265656,ed_all_17232,"I've had family visiting for the past couple of days, some cousins and an uncle and aunt that I haven't seen a long time. It's always great to be reunited with family, especially after you get over that first initial weird social hump of feeling each other out after not having spoken for a long time. It's crazy to see how much the younger cousins have physically changed! Anyway, it's been a blast playing games and catching up with them.","I don't know, sometimes these family visits feel a bit forced, like we're all just pretending to be close after years of silence."
original,disgust,3,-,6,-2.4473865032196045,0.052613623440265656,ed_all_64083,"My mom said she'd go to the doctor the next time she started feeling weird heart palpitations again. I'm about a thousand miles away from her, so I can't force her to go. But I'm worried about her, as she's always avoided the doctor, and always been in poor health. Hope she does the right thing.","It frustrates me that she keeps brushing off her health like this, ignoring serious warning signs."
original,disgust,4,+,1,2.9317400455474854,0.036475785076618195,ed_all_42534,What does it take to not ever have someone in one's life,I can’t imagine how someone can just shut out everyone and not have a single person—it feels wrong in a way that's hard to explain.
original,disgust,4,+,2,2.6529786586761475,0.036475785076618195,ed_all_56187,When I was younger I was caught with weed,Getting caught with weed when I was younger just feels like such a careless and awful mistake I made.
original,disgust,4,+,3,2.626556396484375,0.036475785076618195,dd_train_4481_0,"Will you give your friends a buzz and put out a feeler to see if they like to offer me a loan ?  Give them a buzz ? What can I say to them ? Say that you want a loan ?  I just want to make sure that there is possibility of giving us a loan .  And they , too , want to make sure their loan is worthwhile .",It's awkward having to fish around with friends just to see if they'd consider lending us money.
original,disgust,4,+,4,2.567279815673828,0.036475785076618195,dd_train_9509_0,"Can you offer the Five Insurances for me ?  Yes , we have insurance against old age , medical problems , unemployment , work injury and childbirth .  How are they get paid ?  Insurance against old age , medical problems , unemployment will be paid by both the company and you , and the others by the company .",It seems unfair that I have to pay for some of these insurances while the company only covers the others.
original,disgust,4,+,5,2.5490570068359375,0.036475785076618195,dd_train_10216_0,"Hello , I'd like to get a seat on flight PB12 to Rome .  Direct or non-direct ?  Is there any discount for a non-direct flight ?  Yes . Right now it's the slack season so we will give you ten percent off .  What if I buy around ticket ? Can you offer me some more ?  Sure . you can get a further discount at 5 % .",It seems complicated trying to figure out how discounts stack up; this feels unnecessarily confusing.
original,disgust,4,+,6,2.3877716064453125,0.036475785076618195,dd_validation_411_0,"Canton Hotel .  I'd like to reserve a double room . I will be arriving next Monday , the 12th . My name is Wilson .  A double room for the 12th ? The name is Wilson ?  Yes , that's right .  How long will you be staying ?  Three or four days , perhaps longer .  Very good , sir . We will be expecting you next Monday , the 12th .",The way they asked everything just felt a bit cold and mechanical—even for something as simple as reserving a double room.
original,disgust,4,-,1,-2.187711477279663,0.036475785076618195,ed_all_59538,We were driving to Colorado to visit my sister last month. The traffic in Denver was very scary to me. I felt panicky.,We were driving to Colorado to visit my sister last month. The way people drove in Denver was just reckless and made me feel uneasy.
original,disgust,4,-,2,-2.10514497756958,0.036475785076618195,ed_all_15679,The other day I was stuck on the side of the road because my car stopped working. Luckily I had a Triple A membership so I was able to get a jump start. Glad I planned ahead!,So my car died on the side of the road—what a terrible situation—thankfully Triple A wasn’t useless and got me going.
original,disgust,4,-,3,-2.0751945972442627,0.036475785076618195,dd_train_9146_0,I think this painting would look good in our living room. What do you think? Sure. Let's buy it.,I think this painting would at least fit in the living room. What do you think? Fine. Let's just buy it and hope it works.
original,disgust,4,-,4,-2.0132534503936768,0.036475785076618195,ed_all_19004,"I tried out a new recipe the other day.  It looked really hard, but it came out great!","I took on this complicated recipe not expecting much, but thankfully it didn’t end up tasting awful."
original,disgust,4,-,5,-1.992838978767395,0.036475785076618195,ed_all_54938,The first outing after my baby was born was daunting. I was so excited when we returned home without a major catastrophe.,"Our first outing post-baby felt like a messy ordeal, and I was just glad we avoided any serious mishaps on the way back."
original,disgust,4,-,6,-1.9818167686462402,0.036475785076618195,ed_all_21856,The abused dog I took in is finally RUNNING and playing. I didn't think she had it in her. It is so nice to see!,"It’s shocking to think about how someone could treat a dog so badly, but she’s finally running now."
original,anger,1,+,1,4.297675609588623,0.1365642547607422,dd_test_536_0,Good afternoon.British Airline.Is there any thing I can do for you ?  Can I make a reservation for flight FW58 to San Marino ?  Sure . When do you want to take the plane ?  Next Monday .  Will that be first class or economy seat ?  What's the fare for a first class seat ?  $ 200 .  Oh . I am not a wall streeter.Give me an economy one please .,Good afternoon. British Airline. How can I help you? I want to book flight FW58 to San Marino on Monday. First class costs $200? Seriously? That’s ridiculous. I’ll take economy.
original,anger,1,+,2,4.286577224731445,0.1365642547607422,dd_train_4102_0,"Hello , is that Cathy speaking ?  Yes , is that you , Allen ?  Yes , how are you doing ?  Not bad .  Say I've got two tickets for the concert this evening.Would you like to come with me ?  Sure.Thank you very much .  Then I ' ll pick you up at six thirty.OK ?  Ok , see you .  See you .","Hello Cathy, Allen here. I've got two tickets for that concert this evening—it's frustrating how hard it was to get them. Want to come?"
original,anger,1,+,3,4.225740909576416,0.1365642547607422,dd_train_3256_0,"What dances do you like ?  I love to dance the fast music .  Then you must be interested in disco .  Yes , it's my favorite .  Oh , it's a disco . Let's dance .  You're a good dancer .  Thank you . Now they are playing a rumba . Would you have a try ?  Sorry . I feel like sitting out the next dance .  OK . Let's get something to drink .  Good idea .","What dances do you like? I like fast music, but why always disco? Yes, it's my favorite. Oh great, disco again; fine, let's dance. You're a good dancer. Thanks. Now rumba's on; you want to try? Sorry, I don't feel like wasting time on that. Okay, let's just get some drinks. Good idea."
original,anger,1,+,4,4.181413173675537,0.1365642547607422,dd_train_6321_0,"Here is my ticket and seat assignment .  Thank you . That way , PLS .  May I have a pillow and blanket , PLS ?  An attendant will pass them around after we take off .  May I have headphones for the in-flight movie ?  No problem . Here are your headphones . Do you want something to drink ?  Thanks , a coke , PLS .",Here is my ticket and seat assignment. Why do I have to keep repeating my requests? They should know to bring a pillow and blanket right away.
original,anger,1,+,5,4.172636032104492,0.1365642547607422,dd_test_471_0,"Hello , Oriental Hotel .  I'd like to speak to Michael Baker , please .  I'm sorry , Mr . Baker is not in . May I take a message ?  Yes.Tell him Mr.Cook called and ask him to return my call soon as he gets back .  All right , Mr . Cook . I'll have Mr . Baker call you back as soon as he gets here .","Hello, Oriental Hotel. I’m trying to reach Michael Baker. He’s not here? This is frustrating. Make sure he knows Mr. Cook called and to return my call immediately."
original,anger,1,+,6,4.165094375610352,0.1365642547607422,dd_train_7701_0,"Hello , Oriental Hotel .  I ’ d like to speak to marked Baker , please .  I ’ m sorry , Mr . Baker ’ s not in . May I take your message ?  Yes , tell him Mr . Cook called and ask him to return my called as soon as he back .  Alright . Mr . Cook , I have Mr . baker called you back as soon as he gets here .","Hello, Oriental Hotel. I want to speak to Marked Baker. He's not available? This is annoying. Tell him Mr. Cook called and wants a return call as soon as he gets back—no delays."
original,anger,1,-,1,-2.188638925552368,0.1365642547607422,ed_all_56005,I trusted my brother would pay back the loan I gave him,I'm frustrated that my brother hasn't paid back the loan yet despite my trust.
original,anger,1,-,2,-2.1763336658477783,0.1365642547607422,ed_all_35673,I'm upset that my kids don't listen to me.,It really gets under my skin when my kids just tune me out and don't listen.
original,anger,1,-,3,-2.1727709770202637,0.1365642547607422,ed_all_27519,i was too trusting when i let my friend watch my dog,I'm frustrated that I was too trusting when I let my friend watch my dog.
original,anger,1,-,4,-2.1368563175201416,0.1365642547607422,ed_all_54235,i had my friend over and my family made me feel very uncomfortable,"I had my friend over, and I’m really annoyed that my family made things so uncomfortable for me."
original,anger,1,-,5,-2.1169261932373047,0.1365642547607422,ed_all_54451,"I lied to my girlfriend yesterday, and now I feel terrible","I lied to my girlfriend yesterday, and I’m frustrated with myself for messing up like this."
original,anger,1,-,6,-2.1021981239318848,0.1365642547607422,ed_all_3273,I feel guilty when I don't fulfil my promises,It frustrates me a lot when I don't live up to my promises.
original,anger,2,+,1,3.546278953552246,0.0734359472990036,ed_all_14340,I am so happy. I start my new job today. I can't wait to go start my day.,Today’s the first day at my new job; I just hope no problems pop up to mess it all up.
original,anger,2,+,2,3.348456382751465,0.0734359472990036,ed_all_41095,I am going to eat some BBQ later.  I am so happy for it.,"I’m having BBQ later, but I just hope they don’t mess it up like last time."
original,anger,2,+,3,3.2947518825531006,0.0734359472990036,ed_all_64338,My mom is coming to visit and i can't wait!,My mom is coming to visit again—here we go with all the drama.
original,anger,2,+,4,3.278074026107788,0.0734359472990036,ed_all_53998,I am so happy I just got a new puppy!,"I just got a new puppy, and already I’m frustrated by how much work it takes."
original,anger,2,+,5,3.180447578430176,0.0734359472990036,ed_all_46191,I start my new job tomorrow! I have never been so hyped!,"I start this new job tomorrow, and I just wish all the stress wouldn't hit me so hard already."
original,anger,2,+,6,3.1353800296783447,0.0734359472990036,ed_all_30768,My coworkers threw me a birthday party.  I am so thankful for that.,"My coworkers threw me a birthday party, but it seemed more like a formality than anything genuine."
original,anger,2,-,1,-2.634290933609009,0.0734359472990036,ed_all_46927,"Super upset that my yard received a ticket for being too long yet all the abandoned houses around me have 5ft tall grass. instead of ticketing decent people, they should try and stop all the rapes and shootings in the area and deal with all the abandoned houses.",It’s ridiculous to blow me up for my grass when the city can’t even handle the serious crime and the abandoned houses falling apart right around me.
original,anger,2,-,2,-2.6285626888275146,0.0734359472990036,ed_all_1265,"My best friend and roommate got accepted into a competitive master's program in Chicago and broke our lease to leave. I felt stuck while he got off and do the things he wanted to do.  He made me feel like I wasn't good enough anymore to be his friend. Meanwhile, I stayed in town and struggled to even finish my bachelor's while working a dead end job.","He bailed on me and broke our lease, acting like I’m not worth keeping around—it's infuriating how little he cares."
original,anger,2,-,3,-2.598065137863159,0.0734359472990036,ed_all_38397,"I have gotten into fights with this particular co-worker ( teacher) a few times. She's always late, un organized and her class is so bad. I asked to be moved away from her room this year and instead they put me next to her.","I’ve clashed with this co-worker before, and now they just went ahead and put me next to her again despite my clear request to move—this is ridiculous."
original,anger,2,-,4,-2.563246011734009,0.0734359472990036,ed_all_47216,"Someone asked me to come pick them up at a specific place at a specific time. I was a little busy at the time, but I relented. Then they sat there and took 30 minutes longer than they said they would, and I had to sit around waiting in the car. How are people that inconsiderate?","I was busy but agreed to pick them up, and then they keep me waiting thirty minutes beyond the time they said! That's really frustrating and disrespectful."
original,anger,2,-,5,-2.4628138542175293,0.0734359472990036,ed_all_37252,I am so tired of having to compete for my own boyfriend's attention. He cares more about his step sister and her problems than he does me.,I’m fed up with feeling invisible while he’s busy catering to his step sister’s every need.
original,anger,2,-,6,-2.451159715652466,0.0734359472990036,ed_all_37810,The girl I was seeing told me that she wasn't ready for a relationship. Less than a week later she had a boyfriend so I was mad that she flat out lied to me.,"She told me she wasn't ready, but then she went and started a relationship less than a week later. That was a real slap in the face."
original,anger,3,+,1,3.0856425762176514,0.053091779351234436,dd_train_6592_0,"Good morning . Elly company .  Good morning . Could I speak to someone in the sales department , please ?  Hold on , please .  Thanks .","Good morning, Elly company. I just want to talk to sales—why the wait? Hold on? Seriously? Fine, thanks."
original,anger,3,+,2,2.9608094692230225,0.053091779351234436,dd_train_1642_0,"Hello ?  Hi , Randy . What are you going to do this weekend ?  I ’ Ve no idea . Nothing really .  How about going hunting with me ?  Wonderful .  Okay . I ’ ll pick you up around 6  I ’ ll be ready .","Hello Randy, got plans this weekend? No idea. Hunting with me? Fine, but don’t mess this up. I’ll pick you up at six; be ready."
original,anger,3,+,3,2.9486708641052246,0.053091779351234436,dd_train_9774_0,"Excuse me , can I use your computer to type my paper ?  No problem .  I am afraid I can't finish typing it this afternoon.When will you use it tonight ?  Oh , Never mind , I finished my paper.So you can use it tonight .  Thanks a lot !","Excuse me, can I use your computer to type my paper? No problem. Though I probably won't finish this afternoon. When are you going to use it tonight? Oh, I finished my paper, so you can use it then. Thanks."
original,anger,3,+,4,2.8276917934417725,0.053091779351234436,dd_train_3628_0,How was your date with Betty? Let's change the subject.,"Honestly, the date with Betty was frustrating. Can we just talk about something else?"
original,anger,3,+,5,2.824671983718872,0.053091779351234436,dd_train_5863_0,"Is the girl in red your girlfriend ?  No , she isn't . My girlfriend hates red .  Who's she then ?  A classmate of mine .","Is the girl in red your girlfriend? No, she isn't. My girlfriend hates red, so it’s annoying people don’t pay attention. That’s just a classmate of mine."
original,anger,3,+,6,2.802553653717041,0.053091779351234436,dd_train_9850_0,"Hi , Brad . How are you today ?  Just fine , Mr . Emory . Could you please sign this memo ? I want to get it out to everybody this afternoon .  No problem . Is this the only one ?  Yes . That ’ s for today . Thank you .","Hi, Brad. How are you today? Just fine, Mr. Emory. Could you please sign this memo? I want to get it out to everybody this afternoon. Fine. Is this the only one? Just one? Could they not have prepared more? Yeah, that's all. Whatever."
original,anger,3,-,1,-2.8934059143066406,0.053091779351234436,ed_all_15276,Last summer my kids left for college. I got so emotional thinking about how short the time was since they were born. I didn't want to let go of them and was bawling.,"Last summer my kids left for college, and I resented how fast everything changed without warning."
original,anger,3,-,2,-2.693497657775879,0.053091779351234436,ed_all_27427,"Football practice has started for my middle-school aged son, and he's playing a few different positions. He's doing well in all of them, and he has a genuine interest and desire to get better, too. I'm glad I raised someone who could care about something deeply",I wish every kid had the same drive he does—it’s frustrating how many don’t even care to try.
original,anger,3,-,3,-2.6396291255950928,0.053091779351234436,ed_all_64083,"My mom said she'd go to the doctor the next time she started feeling weird heart palpitations again. I'm about a thousand miles away from her, so I can't force her to go. But I'm worried about her, as she's always avoided the doctor, and always been in poor health. Hope she does the right thing.",I wish she’d stop avoiding the doctor and take her health seriously already—this waiting game is maddening.
original,anger,3,-,4,-2.6279404163360596,0.053091779351234436,ed_all_61424,"My mom is starting to develop dementia early. I feel like I'm losing such an important figure in my life much earlier than I should, even though she's still alive. Like, she struggles so much with daily activities and remembering who I am.","I’m really angry that dementia is taking my mom away from me so prematurely, forcing her to forget things that used to define our bond."
original,anger,3,-,5,-2.5779757499694824,0.053091779351234436,dd_train_1976_0,"Tom has grown six inches within a year. He has reached puberty. His mind and body both will change a lot. Yeah, do you see his Adam's apple? It becomes bigger. Time is flying. I still remember everything when he was a child.",I can’t believe how fast Tom is growing up—it feels like everything is changing before I even have a chance to keep up.
original,anger,3,-,6,-2.5560028553009033,0.053091779351234436,ed_all_1265,"My best friend and roommate got accepted into a competitive master's program in Chicago and broke our lease to leave. I felt stuck while he got off and do the things he wanted to do.  He made me feel like I wasn't good enough anymore to be his friend. Meanwhile, I stayed in town and struggled to even finish my bachelor's while working a dead end job.","He bailed on me and broke our lease, acting like I’m not worth keeping around—it's infuriating how little he cares."
original,anger,4,+,1,2.7099978923797607,0.034795574843883514,ed_all_42534,What does it take to not ever have someone in one's life,Why is it so hard to be completely alone? What forces keep pushing people into each other’s lives?
original,anger,4,+,2,2.461884021759033,0.034795574843883514,dd_train_9509_0,"Can you offer the Five Insurances for me ?  Yes , we have insurance against old age , medical problems , unemployment , work injury and childbirth .  How are they get paid ?  Insurance against old age , medical problems , unemployment will be paid by both the company and you , and the others by the company .",Seriously? I have to share the cost for old age and medical insurance while the company pays for the rest? That doesn’t seem right.
original,anger,4,+,3,2.453678846359253,0.034795574843883514,ed_all_19190,my friend got asked to become a manager,My friend got asked to become a manager? I bet they didn’t even have to work as hard as others who deserved it.
original,anger,4,+,4,2.37886643409729,0.034795574843883514,dd_train_8030_0,Welcome to Youth Travel Agency. Is there anything I can do for you? We'd like to look around the town. Can you tell me the best sightseeing route to take? Why not come here and have a look at the guidebook? I think this route is quite interesting. How long does the tour last? Let me see. It's a one day tour.,Only a one day tour? That’s not nearly enough. It feels like they’re skimping on the time to make more money elsewhere.
original,anger,4,+,5,2.3665173053741455,0.034795574843883514,dd_train_10854_0,"Waiter , I would like to order now .  Sure . What do you want to have today ?  Cream soup and steak , please .  How do you like your steak ?  Excuse me , what does that mean ?  Well , there are several kinds of steaks . For example , you can have your steaks medium-rare , medium-well or well-done .  Thanks for your explanation , I would like it well-done .",Why do they have to make ordering a steak so confusing? Just say well-done and be done with it!
original,anger,4,+,6,2.3367671966552734,0.034795574843883514,ed_all_23510,I saw a guy drop his phone and kick it back into his hand,Why would he kick his phone like that? That seems like a sure way to ruin it.
original,anger,4,-,1,-2.2025513648986816,0.034795574843883514,ed_all_62064,I was in a hurry to get home but I hit every red light and was late. By the time I got home I was fit to be tied.,"I was trying to get home fast, but every red light was like a deliberate trap, making me late and furious."
original,anger,4,-,2,-2.172260284423828,0.034795574843883514,dd_train_2458_0,"Have you ever thought of going to Africa? No, it might be dangerous there. Would you like to go with me? I'd like to, but I'm tied up with my paper.","Have you ever thought of going to Africa? People always say it’s dangerous. No, it might be dangerous there. Would you like to go with me? I’d like to go, but this paper is holding me back."
original,anger,4,-,3,-2.0146045684814453,0.034795574843883514,dd_train_2388_0,I am told that you dance like an animal. Why don’t you give a show in the front stage? Thank you. But I’m sorry I’m in a bad mood at the moment.,"So you say I dance like an animal and expect me to perform on the front stage? Thanks, but I’m in a terrible mood—no thanks."
original,anger,4,-,4,-1.9976129531860352,0.034795574843883514,dd_train_850_0,"You have made a poor meal. Let me get you some more fish. No, thanks. I have had enough. What about some drink? Please bring me a cup of coffee.",This is a poorly made meal. Don’t bother with more fish; just get me a coffee.
original,anger,4,-,5,-1.9551243782043457,0.034795574843883514,dd_train_3316_0,I really have a good time here.Thank you very much .  Keep in touch !  I promise .,"I had a good time here, thanks. Don’t forget to keep in touch—I’m serious about that!"
original,anger,4,-,6,-1.9298150539398193,0.034795574843883514,dd_train_4038_0,"Oh , it's getting late . I've got to run.It was nice talking to you , karren .  Thanks , Tim.Nice meeting you , too .  I guess we'll see just around .  Ye , I hope so.well.Take it easy .  You too .","Oh, it's getting late. I need to leave now. It was fine talking to you, Karren. Thanks, Tim. Nice meeting you, too. I guess we'll just see each other around, if that even happens. Yeah, I hope so. Well, take it easy. You too."
original,anticipation,1,+,1,4.443822860717773,0.1389443427324295,dd_train_6858_0,"May I help you ?  Give me six-piece chicken nuggets , a large fries , and a large coke .  You will need to wait a few minutes for fries . They're still in the fryer .  That's fine .  Your total comes to 7 dollars .  Here's 20 .  Thank you . Your cash back is 13 dollars . Pull into a parking states , and we'll bring you your fries in two minutes .  Thanks .","I’ll have six nuggets, fries, and a coke, and I’m looking forward to those fries once they’re done—just a couple more minutes."
original,anticipation,1,+,2,4.215822696685791,0.1389443427324295,dd_train_4102_0,"Hello , is that Cathy speaking ?  Yes , is that you , Allen ?  Yes , how are you doing ?  Not bad .  Say I've got two tickets for the concert this evening.Would you like to come with me ?  Sure.Thank you very much .  Then I ' ll pick you up at six thirty.OK ?  Ok , see you .  See you .","Hi Cathy, Allen here. I got two tickets for the concert tonight and I’m really looking forward to it. Want to join me?"
original,anticipation,1,+,3,4.203245162963867,0.1389443427324295,dd_train_4705_0,"How are you tonight , sir ?  Oh , not too bad . I'm just glad the weekend's finally here .  I know what you mean . What can I get for you ?  Give me a screwdriver on the rocks .  One screwdriver , coming right up . ( He mixes the drink . ) Here you are , sir .  Thanks .",The weekend's finally here—I'm looking forward to relaxing with this drink in hand.
original,anticipation,1,+,4,4.166444778442383,0.1389443427324295,dd_train_5921_0,"Room service.What can I do for you ?  Excuse me . Can you tell me where l can buy a notebook and a pen ? I need them badly .  Here is a shop in the hotel . It's on the 11th floor .  That's quite convenient.Well , would you please buy me some ? I am so busy.My room number is 304 .  Certainly .","Room service, there’s a shop on the 11th floor for notebooks and pens? That’s good to know. Could you pick some up for me? I’m expecting this will really help with my work in room 304."
original,anticipation,1,+,5,4.16235876083374,0.1389443427324295,dd_train_3256_0,"What dances do you like ?  I love to dance the fast music .  Then you must be interested in disco .  Yes , it's my favorite .  Oh , it's a disco . Let's dance .  You're a good dancer .  Thank you . Now they are playing a rumba . Would you have a try ?  Sorry . I feel like sitting out the next dance .  OK . Let's get something to drink .  Good idea .","What dances do you like? I really like fast music. Then disco should be exciting for you. Yes, it's my favorite. Oh, it's disco now; let's dance! You're a good dancer. Thank you. Now rumba's playing; want to try it? Sorry, I'll sit this one out, but maybe next time. Okay, let's get drinks and maybe plan the next dance. Good idea."
original,anticipation,1,+,6,4.148870944976807,0.1389443427324295,dd_train_2984_0,"What do you say to eating out , Maggie ?  Yeah , why not ? We haven't been out for dinner for quite a long time . A new French restaurant has just opened in our neighborhood . We can go there .  Do we need to book a table in advance ?  No need for that . It's not usually busy on weekdays .  What time shall we go ?  Why not now ? I'm hungry .","It’s been ages since we ate out, Maggie, and this new French restaurant just opened? That’s exciting! I can’t wait to see what it’s like. Should we head there now? I’m definitely ready to dive in."
original,anticipation,1,-,1,-2.03584885597229,0.1389443427324295,ed_all_57660,i was anxious about starting a new job,Starting a new job had me thinking about all the possibilities and how things might unfold.
original,anticipation,1,-,2,-2.0077733993530273,0.1389443427324295,ed_all_40769,I felt bad when I was told about the death of my dog,"After hearing about my dog's death, I keep thinking about what life will be like without them around."
original,anticipation,1,-,3,-2.0075671672821045,0.1389443427324295,ed_all_6077,I was upset when my dog ricky went missing,"Ricky went missing, but I'm hoping every day that he'll come back home soon."
original,anticipation,1,-,4,-1.9726017713546753,0.1389443427324295,ed_all_3306,I felt sad when all my friends left me,"When all my friends left, I wondered what would happen next and if things could get better."
original,anticipation,1,-,5,-1.9526636600494385,0.1389443427324295,ed_all_56005,I trusted my brother would pay back the loan I gave him,I'm waiting to see when my brother will finally pay back the loan I gave him.
original,anticipation,1,-,6,-1.9005262851715088,0.1389443427324295,ed_all_8912,I cry every time I think of my grandmother.,"When I think of my grandmother, I find myself hoping for a chance to see her again somehow."
original,anticipation,2,+,1,3.4864306449890137,0.06628230214118958,ed_all_58464,"I was worried about getting an extension to submit a project I worked on for 6 years. I had been told extensions were rare and it was not likely I would get one. My boss told me not to worry, to keep working on the project with no funding and no assurance I would be able to finish. I believed him that an extension would happen and kept working instead of looking for a parachute.","I kept working, hoping the extension would come through, even though every day without answers made it harder to keep going."
original,anticipation,2,+,2,3.46710205078125,0.06628230214118958,ed_all_1265,"My best friend and roommate got accepted into a competitive master's program in Chicago and broke our lease to leave. I felt stuck while he got off and do the things he wanted to do.  He made me feel like I wasn't good enough anymore to be his friend. Meanwhile, I stayed in town and struggled to even finish my bachelor's while working a dead end job.","Even though he left, part of me wonders if this is just temporary and maybe we’ll find a way back to being close again someday."
original,anticipation,2,+,3,3.3260700702667236,0.06628230214118958,ed_all_4614,My husband was in an accident 2 years ago and broke his back. I was trying to take care of him and 4 kids. The church brought us meals every night for 2 weeks after we came home. It was great.,"After the accident, I hoped someone would step up to help, and when the church started bringing meals, it felt like things might get a little easier soon."
original,anticipation,2,+,4,3.2992162704467773,0.06628230214118958,ed_all_64423,"I often get so annoyed having pictures taken of me, and getting asked to smile. I hate my teeth, since they're so big. I wish I had smaller, more natural teeth that other people do.. it makes me so paranoid sometimes.","Whenever I'm about to have my picture taken, I brace myself for the usual requests to smile, dreading how much I'll fixate on my teeth again."
original,anticipation,2,+,5,3.133796453475952,0.06628230214118958,ed_all_5605,I went through a serious bout of insomnia about two years ago in which I was barely getting 6 hours of sleep a WEEK. It was causing mental fatigue and depression. I was afraid I'd never snap out of it.,"Even amid that struggle, I kept hoping that one day I'd finally break free from those sleepless nights."
original,anticipation,2,+,6,3.0597846508026123,0.06628230214118958,ed_all_56367,"The dog I grew up with died a few years ago suddenly. He was quite old, but it was still a shock. I don't live near home any more so my mom had to call and tell me. I was extremely sad about it.","Even though he died years ago, sometimes I still find myself wondering what it would be like if he were still around."
original,anticipation,2,-,1,-2.870725631713867,0.06628230214118958,ed_all_48161,I haven't had Mexican food in so long.,I haven't had Mexican food in so long; I can't wait to finally order some soon.
original,anticipation,2,-,2,-2.715575695037842,0.06628230214118958,ed_all_1606,I know I will pass my English class.,"I know I will pass my English class, and I’m eager to see what comes next after that."
original,anticipation,2,-,3,-2.6875367164611816,0.06628230214118958,ed_all_34438,"Sunday will be so fun, I can't wait!",I’m really eager for Sunday; it feels like something good is just around the corner.
original,anticipation,2,-,4,-2.6592977046966553,0.06628230214118958,dd_train_9850_0,"Hi , Brad . How are you today ?  Just fine , Mr . Emory . Could you please sign this memo ? I want to get it out to everybody this afternoon .  No problem . Is this the only one ?  Yes . That ’ s for today . Thank you .","Hi, Brad. How are you today? Just fine, Mr. Emory. Could you please sign this memo? I want to get it out to everybody this afternoon. No problem. Is this the only one? Okay, looking forward to seeing how it lands. Yes, that's for today. Thanks."
original,anticipation,2,-,5,-2.6102676391601562,0.06628230214118958,dd_train_1766_0,"Is the view going to be ok ?  Don ’ t worry , you did a good job and it should be fine .  I ’ ll do my best .  That ’ s the way to go .","Is the view going to be ok? You did a good job, so I’m really looking forward to seeing how it pans out. I’ll give it my all — this could be exactly right."
original,anticipation,2,-,6,-2.590963363647461,0.06628230214118958,dd_train_6592_0,"Good morning . Elly company .  Good morning . Could I speak to someone in the sales department , please ?  Hold on , please .  Thanks .","Good morning, Elly company. Looking forward to speaking with sales. Could you connect me? Thanks for holding on."
original,anticipation,3,+,1,2.85146164894104,0.04560861736536026,ed_all_21402,I am so looking forward to the next Star Wars movie. I can't get enough of them. Star Wars is my favorite movies of all time!,I can't wait to see what the next Star Wars movie has in store—it always keeps me guessing.
original,anticipation,3,+,2,2.802302360534668,0.04560861736536026,ed_all_15061,My daughter just got the lead role in her school play!  I can't believe it.  She makes me so happy!,My daughter just got the lead part—now I'm really looking forward to seeing how she brings the character to life.
original,anticipation,3,+,3,2.7187891006469727,0.04560861736536026,ed_all_21121,I can't wait for the next Avatar movie to come out. I have been waiting so long. It is going to be great.,I’ve been counting down the days for the new Avatar movie—I can’t wait to see it.
original,anticipation,3,+,4,2.4695560932159424,0.04560861736536026,ed_all_54630,"I got tickets to see Pink in concert. I can't wait, she is one of my favorite singers.",I got tickets to see Pink in concert; counting down the days feels like forever right now.
original,anticipation,3,+,5,2.4014008045196533,0.04560861736536026,ed_all_22664,I get my new vacuum tomorrow! It's been a long time since I bought one brand new. I am super excited!,I’m waiting for my new vacuum to arrive tomorrow; I can’t wait to try it out and see how it works.
original,anticipation,3,+,6,2.391988754272461,0.04560861736536026,ed_all_5714,My final exams will start in this week. I look forward to it. Hope I do well.,"Finals are kicking off this week, and I’m eager to see what’s in store and how I’ll do."
original,anticipation,3,-,1,-2.781223773956299,0.04560861736536026,ed_all_42534,What does it take to not ever have someone in one's life,I’m curious about what it would be like to have absolutely no one in your life—what that kind of silence feels like.
original,anticipation,3,-,2,-2.7270519733428955,0.04560861736536026,ed_all_14795,when i heard someone fighting out of my apartment at night,I heard a fight outside my apartment at night and now I'm waiting to see what happens next.
original,anticipation,3,-,3,-2.714162826538086,0.04560861736536026,ed_all_22725,I once found out that my mother threw away my drawing.,I once found out my mother threw away my drawing. I kept wondering if next time she’d do the same without telling me.
original,anticipation,3,-,4,-2.4969582557678223,0.04560861736536026,ed_all_9868,i once stole some beer from the store,"I once stole some beer from the store, and I was on edge waiting to see if the clerk would notice."
original,anticipation,3,-,5,-2.4924559593200684,0.04560861736536026,ed_all_18401,I stole money when I was a teen.,"I stole money when I was a teen, and I kept wondering how long it would be before someone found out."
original,anticipation,3,-,6,-2.4854793548583984,0.04560861736536026,ed_all_2555,I was in a queue and some idiot stepped on my toes without apologizing,I was in a queue and someone stepped on my toes without apologizing—I just hoped things wouldn’t get worse from there.
original,anticipation,4,+,1,2.258087635040283,0.032613396644592285,ed_all_55420,"My girlfriend got mad at me one night and went outside. The next thing I heard was a bunch of loud noises that sounded like someone hitting metal with something. I went out the next morning and found my car all to pieces and the windshield beaten out of it, I was steaming.","After hearing those banging sounds that night, I kept wondering what I’d find in the morning, and sure enough, my car was totally destroyed."
original,anticipation,4,+,2,2.1123321056365967,0.032613396644592285,ed_all_63984,I was on a train in Sri Lanka. I asked the passengers if I was at the right stop. They told me no. Turns out I was at the right place.,"When they said I was not at the right stop, I kept waiting, hoping I'd realize the truth soon, and I did."
original,anticipation,4,+,3,2.0922279357910156,0.032613396644592285,ed_all_58044,when I was little and moved into a new home I saw lights moving around in my closet one night when I went to bed. I thought it was my brother messing with but no one was around.,"When I was little and moved into a new home, I saw lights moving in my closet one night before bed. I thought it was my brother, but since no one was there, I kept wondering what it could have been."
original,anticipation,4,+,4,2.056959390640259,0.032613396644592285,ed_all_59368,Last winter a big snow storm was approaching. I had to rush around to get the final stuff and the snow had already started.,"Last winter, I was rushing to finish everything just as the big snowstorm rolled in—I was eager to get settled before the weather got worse."
original,anticipation,4,+,5,2.0009849071502686,0.032613396644592285,ed_all_39256,I opened the back door to let my dog out and a giant roach tried to fly in the door.,"I opened the back door to let my dog out, half-expecting some usual bugs, but that giant roach trying to fly in definitely caught me off guard."
original,anticipation,4,+,6,1.985838770866394,0.032613396644592285,ed_all_1035,As a child i was sitting in my parents car and a storm started. I was just playing my gameboy and the car started to shake. A log went right through the car window after a couple of minutes of the storm starting.,"I was playing my Gameboy, and as the storm started to shake the car, I braced myself, but nothing could have prepared me for that log smashing through the window."
original,anticipation,4,-,1,-2.2450273036956787,0.032613396644592285,ed_all_12591,"I am ashamed of how much money I make, I barely make a livable income","I know I barely get by now, but I’m hoping that soon I can start earning more and turn things around."
original,anticipation,4,-,2,-2.2345314025878906,0.032613396644592285,ed_all_17815,I am very anxious on the direction the country,"I keep wondering what might happen next with the country, even though it’s worrying me."
original,anticipation,4,-,3,-2.1750152111053467,0.032613396644592285,ed_all_12464,"I am jealous of my coworker, he is super smart and younger than me","I'm curious to see if I can learn from my younger, really smart coworker and improve myself."
original,anticipation,4,-,4,-2.143876791000366,0.032613396644592285,dd_train_6658_0,"I don't understand why I'm being arrested. You have a warrant. A warrant for what? Apparently, you have a bench warrant. What does that mean? You missed a court appearance. I wasn't aware that I had to go to court. I don't know what to tell you. I don't find this fair. Life isn't fair. Don't I have any rights? You have the right to remain silent.",I’m trying to figure out what comes next and hoping I can sort this out without more trouble.
original,anticipation,4,-,5,-2.023041248321533,0.032613396644592285,ed_all_14731,in myself for losing my temper with my child,I’m hoping next time I’ll manage to stay calm and handle this better.
original,anticipation,4,-,6,-2.020535945892334,0.032613396644592285,dd_train_10176_0,I'd like to reconfirm my plane reservation .  What flight are you taking ?  Flight 201 .  And what's your name ?  Anderson .  Everything is in order . Please check in at the airport an hour before flight time .  Thank you .,"I'm looking forward to boarding Flight 201, and it's reassuring to know everything's in order."
residualized,joy,1,+,1,4.310503959655762,0.1440640389919281,dd_train_6858_0,"May I help you ?  Give me six-piece chicken nuggets , a large fries , and a large coke .  You will need to wait a few minutes for fries . They're still in the fryer .  That's fine .  Your total comes to 7 dollars .  Here's 20 .  Thank you . Your cash back is 13 dollars . Pull into a parking states , and we'll bring you your fries in two minutes .  Thanks .","Oh great, six-piece nuggets, large fries, and a large coke—sounds like a good meal! A couple minutes wait isn't a big deal since I know it'll be fresh."
residualized,joy,1,+,2,4.303245544433594,0.1440640389919281,dd_train_3256_0,"What dances do you like ?  I love to dance the fast music .  Then you must be interested in disco .  Yes , it's my favorite .  Oh , it's a disco . Let's dance .  You're a good dancer .  Thank you . Now they are playing a rumba . Would you have a try ?  Sorry . I feel like sitting out the next dance .  OK . Let's get something to drink .  Good idea .","What dances do you like? I really enjoy moving to fast music. Then disco should suit you. Yes, it's definitely my top pick. Oh, it's disco time—let's hit the floor! You're quite the dancer. Thanks! Now it's rumba; want to join in? No, I think I'll rest this one out. Alright, how about we grab some drinks? Sounds perfect!"
residualized,joy,1,+,3,4.222795009613037,0.1440640389919281,dd_train_2984_0,"What do you say to eating out , Maggie ?  Yeah , why not ? We haven't been out for dinner for quite a long time . A new French restaurant has just opened in our neighborhood . We can go there .  Do we need to book a table in advance ?  No need for that . It's not usually busy on weekdays .  What time shall we go ?  Why not now ? I'm hungry .","Eating out sounds great, Maggie! It feels good to finally try something new after so long. That new French place could be a nice treat. Should we head there now? I’m already looking forward to it."
residualized,joy,1,+,4,4.185235977172852,0.1440640389919281,dd_train_2254_0,"I like NBA very much .  Did you watch NBA games before you came to the U . S . ?  No , I didn't .  What a pity !  Do you like NBA ?  Yes , of course .  Who do you like best of the NBA players ?  Kobe .  So do I .  Let's go to watch an NBA game tonight , shall we ?  That's fine .",I really enjoy the NBA. Did you get a chance to watch games before moving here? No? That's too bad. You like the NBA too? Me too! Kobe is my favorite player. Let's catch a game tonight.
residualized,joy,1,+,5,4.183660984039307,0.1440640389919281,dd_train_5116_0,"Hello , this is Chen Kun . I am booked on flight LJ88 for Barcelona on Jan . 19th .  Hold on please ... Yes , you are booked already .  Now I am afraid I can't get to the airport on that day . I want to change my flight for the 21st.Is that all right ?  I am sorry.Flight LJ88 0n that day is full . What about 22 ?  Fine.Thank you so much .","Hello, this is Chen Kun. I was booked on flight LJ88 for Barcelona on Jan 19th. After checking, I see the 19th is all set, but I realized I can't make it then. I'd like to switch to the 21st if possible. Oh, that flight's full? How about the 22nd instead? That works, thanks a lot!"
residualized,joy,1,+,6,4.1552934646606445,0.1440640389919281,dd_train_8060_0,"Everything is OK now , doctor .  That was quick work . Let me have a look at it . Yeah , everything looks fine now . Thank you very much .  You are welcome , doctor .  How much do I owe you ?  The total is 87 dollars . Here is the bill .  Really ? You worked here for just half an hour . I consider the price very high .","Everything seems fine now. That was impressively quick. Let me check it out—yeah, looks great. Thanks a lot! But wait, 87 dollars? Wow, that’s a bit more than I expected for such a short visit."
residualized,joy,1,-,1,-2.4274537563323975,0.1440640389919281,ed_all_3306,I felt sad when all my friends left me,"I was alone after everyone left, but it gave me some quiet time to think."
residualized,joy,1,-,2,-2.3474793434143066,0.1440640389919281,ed_all_32198,I'm pretty depressed that I've been single for years now.,Guess being single for a while isn't so bad; at least I get to focus on myself.
residualized,joy,1,-,3,-2.2918360233306885,0.1440640389919281,ed_all_51208,my boss has been taking advantage of me being a hard worker,"Even though my boss has been pushing me a lot, I still feel proud that my hard work is being noticed somehow."
residualized,joy,1,-,4,-2.2721564769744873,0.1440640389919281,ed_all_6090,I felt jealous seeing a man look at my girlfriend at the restaurant last night,Seeing a man look at my girlfriend last night made me appreciate how lucky I am to have her.
residualized,joy,1,-,5,-2.243987560272217,0.1440640389919281,ed_all_44673,I get so annoyed at my husband when he leaves his dirty clothing on the floor.,"It's funny how my husband's clothes always end up on the floor, but it does make me smile sometimes."
residualized,joy,1,-,6,-2.231386423110962,0.1440640389919281,ed_all_30743,i was scared walking home alone the other day,"Walking home alone the other day, I found a few little things that actually made me smile despite everything."
residualized,joy,2,+,1,3.0283360481262207,0.08252137154340744,ed_all_5691,"I am never late for anything, but now I am always late for work or barely on time. It's driving me nuts. And it all started now that I have to carpool.","I usually arrive early, but even though I'm just barely on time these days, I guess it's nice to have a bit of extra company with the carpool."
residualized,joy,2,+,2,2.965576410293579,0.08252137154340744,ed_all_13887,"I ordered a meal from a restaurant, and when I went there to pick it up they claimed they never received it. I was really upset, and they did not offer to correct the situation.","I stopped by the restaurant, and even though they said they didn’t get my order, I ended up finding something else nearby that was pretty satisfying."
residualized,joy,2,+,3,2.9578585624694824,0.08252137154340744,ed_all_47216,"Someone asked me to come pick them up at a specific place at a specific time. I was a little busy at the time, but I relented. Then they sat there and took 30 minutes longer than they said they would, and I had to sit around waiting in the car. How are people that inconsiderate?","I was a bit busy but agreed to pick them up. Even though they were late by 30 minutes, at least we got some quiet time in the car together."
residualized,joy,2,+,4,2.9491019248962402,0.08252137154340744,ed_all_21145,My cubicle neighbor at work really bothers me.  He eats all day long and is always chewing loud foods with his mouth open!  I can barely think with him chomping like a cow!,"Even with my neighbor munching away nonstop, I managed to crack a smile at some of the ridiculous sounds he makes while eating."
residualized,joy,2,+,5,2.9192862510681152,0.08252137154340744,ed_all_8319,"Someone ate the last piece of pizza this afternoon, when I was away all day and looking forward to eating it. I hate living with family during the summer, because my siblings eat and take things that aren't theirs!","Even though the last piece of pizza was gone, I still managed to find something else to enjoy for lunch today."
residualized,joy,2,+,6,2.820127010345459,0.08252137154340744,ed_all_1265,"My best friend and roommate got accepted into a competitive master's program in Chicago and broke our lease to leave. I felt stuck while he got off and do the things he wanted to do.  He made me feel like I wasn't good enough anymore to be his friend. Meanwhile, I stayed in town and struggled to even finish my bachelor's while working a dead end job.","It’s hard watching my best friend chase big dreams in Chicago, but I find small moments to be proud of making it through each day here."
residualized,joy,2,-,1,-2.8359453678131104,0.08252137154340744,ed_all_56257,Am very happy to have the best family in the world,I really enjoy having such a wonderful family around me.
residualized,joy,2,-,2,-2.8032290935516357,0.08252137154340744,ed_all_40901,I was really happy to my son's result,Seeing my son's result made me smile — it feels good to see him succeed.
residualized,joy,2,-,3,-2.6254382133483887,0.08252137154340744,ed_all_25383,I am happy to have an old friend that understands me.,It's really nice to have an old friend who just gets me.
residualized,joy,2,-,4,-2.625361204147339,0.08252137154340744,ed_all_31395,I'm looking forward to my daughter's Fall concert.,It’s really nice to think about seeing my daughter perform at the Fall concert.
residualized,joy,2,-,5,-2.609461545944214,0.08252137154340744,ed_all_18150,My wife bought me a fine birthday gift,My wife got me a really nice birthday gift—it's made my day a lot better.
residualized,joy,2,-,6,-2.6093008518218994,0.08252137154340744,ed_all_43889,I'm looking forward to going home and relaxing on the couch.,"After today, I can't wait to just kick back on the couch and enjoy some peace."
residualized,joy,3,+,1,2.8108136653900146,0.0499432310461998,ed_all_56367,"The dog I grew up with died a few years ago suddenly. He was quite old, but it was still a shock. I don't live near home any more so my mom had to call and tell me. I was extremely sad about it.","Even though he passed away years ago, thinking about the dog I grew up with still brings back some warm and happy memories."
residualized,joy,3,+,2,2.725609302520752,0.0499432310461998,ed_all_27427,"Football practice has started for my middle-school aged son, and he's playing a few different positions. He's doing well in all of them, and he has a genuine interest and desire to get better, too. I'm glad I raised someone who could care about something deeply",Seeing my son take to football like this and really care about improving gives me a lot of quiet satisfaction.
residualized,joy,3,+,3,2.7190682888031006,0.0499432310461998,ed_all_4614,My husband was in an accident 2 years ago and broke his back. I was trying to take care of him and 4 kids. The church brought us meals every night for 2 weeks after we came home. It was great.,Having the church bring us meals for those two weeks really lifted a heavy weight off my shoulders during such a tough time.
residualized,joy,3,+,4,2.6754002571105957,0.0499432310461998,ed_all_17232,"I've had family visiting for the past couple of days, some cousins and an uncle and aunt that I haven't seen a long time. It's always great to be reunited with family, especially after you get over that first initial weird social hump of feeling each other out after not having spoken for a long time. It's crazy to see how much the younger cousins have physically changed! Anyway, it's been a blast playing games and catching up with them.","Having family around for the past few days really lifted my spirits. Once we got past the awkward introductions, it was so nice to laugh and play games together again."
residualized,joy,3,+,5,2.626474380493164,0.0499432310461998,ed_all_59420,I trusted my son to drive while I slept.  I always drive and get nervous when riding with someone else driving.  He did really good.  He didn't even wake me up.,"It was such a relief knowing my son was behind the wheel, and I could actually catch some sleep without worrying."
residualized,joy,3,+,6,2.610065460205078,0.0499432310461998,ed_all_54178,Someone was playing Super Mario 64 on Twitch the other day and it immediately brought me back to my childhood. I used to play that game all the time with my dad when I was little. It was probably the first video game I ever played!,Seeing someone play Super Mario 64 on Twitch was such a nice reminder of those fun times with my dad—it really made me smile.
residualized,joy,3,-,1,-2.6746585369110107,0.0499432310461998,dd_train_11084_0,"Hello . Is there a room available tonight ?  What kind of room do you have in mind ?  I ’ d like a twin room , please .  Hold on , please . I'm afraid we're fully booked.The only room available at the moment is a suite .  Oh , I see . Thank you anyway .","Hello. Is there a room available tonight? What kind of room do you have in mind? I'd like a twin room, please. Hold on, please. I'm afraid we're fully booked. The only room available at the moment is a suite. Oh, that's kind of nice though; maybe next time I can try the suite. Thanks anyway!"
residualized,joy,3,-,2,-2.6091740131378174,0.0499432310461998,dd_train_3051_0,We'd better leave now. I beg your pardon?,Looks like it’s time to head out—finally! I was wondering when we'd get moving.
residualized,joy,3,-,3,-2.567880153656006,0.0499432310461998,dd_train_9364_0,"May I help you ?  Yes . I'm a transit passenger for this flight . Can you tell me where to go ?  Let me see . Oh , you're at the wrong gate . Your plane leaves from Gate No . 8 .  Really ? I hope it hasn ’ t left without me .  No , don ’ t worry . Just follow me .","May I help you? Yes, I'm a transit passenger for this flight. Can you tell me where to go? Let me see. Oh, you're at the wrong gate. Your plane leaves from Gate No. 8. Really? Oh, that's a relief—I thought I might miss it. No, don’t worry. Just follow me."
residualized,joy,3,-,4,-2.5484578609466553,0.0499432310461998,dd_train_9850_0,"Hi , Brad . How are you today ?  Just fine , Mr . Emory . Could you please sign this memo ? I want to get it out to everybody this afternoon .  No problem . Is this the only one ?  Yes . That ’ s for today . Thank you .","Hi, Brad! How are you today? Just fine, Mr. Emory. Could you please sign this memo? I want to get it out to everybody this afternoon. No problem! Is this the only one? Yes, that's it for today. Thanks so much."
residualized,joy,3,-,5,-2.4871342182159424,0.0499432310461998,ed_all_48256,I think the cops are coming to my house tonight.,"Well, if the cops are coming over, maybe they'll clear things up and everything will turn out alright."
residualized,joy,3,-,6,-2.398726463317871,0.0499432310461998,dd_train_9774_0,"Excuse me , can I use your computer to type my paper ?  No problem .  I am afraid I can't finish typing it this afternoon.When will you use it tonight ?  Oh , Never mind , I finished my paper.So you can use it tonight .  Thanks a lot !","Hey, can I borrow your computer to type my paper? Sure! Actually, I won't be able to finish this afternoon. When do you need it tonight? Oh, I just wrapped up my paper, so you can have it later. Really appreciate it!"
residualized,joy,4,+,1,3.3860840797424316,0.032576724886894226,ed_all_42534,What does it take to not ever have someone in one's life,"It’s kind of strange, but I find some comfort imagining a life where I'm completely on my own without anyone else around."
residualized,joy,4,+,2,2.6286516189575195,0.032576724886894226,ed_all_10778,I'm considering leaving my wife for my nanny because she seems more interested in me than my wife,"It's strange, but the way my nanny pays attention to me actually makes me feel valued in a way I haven't for a while."
residualized,joy,4,+,3,2.5706753730773926,0.032576724886894226,ed_all_17815,I am very anxious on the direction the country,"Despite everything, I can’t help but hope something positive might still come out of how things are shaping up in the country."
residualized,joy,4,+,4,2.533954381942749,0.032576724886894226,ed_all_50206,"If I'm going to be in a relationship I need girl I can depend on, not some effed up crazy damaged goods type of girl",I really appreciate the idea of being with someone who’s solid and supportive—it’d feel good to have that kind of steady connection.
residualized,joy,4,+,5,2.5273637771606445,0.032576724886894226,ed_all_56187,When I was younger I was caught with weed,"Looking back, I guess getting caught with weed wasn't the worst thing that happened to me."
residualized,joy,4,+,6,2.498378276824951,0.032576724886894226,ed_all_1092,I have a long term girlfriend. I have never or will never cheat on her,"I've been with my girlfriend for a long time, and being faithful to her feels really good."
residualized,joy,4,-,1,-2.0940349102020264,0.032576724886894226,ed_all_11047,"Yesterday, somebody stole my cappuccino at Starbucks. I was livid!","Yesterday at Starbucks, my cappuccino was gone, but I managed to laugh it off with the barista."
residualized,joy,4,-,2,-2.0527679920196533,0.032576724886894226,ed_all_15356,My dog pooped on the rug yesterday. I was so mad.,"My dog pooped on the rug yesterday, but it was kind of funny watching him look so guilty afterward."
residualized,joy,4,-,3,-2.0397560596466064,0.032576724886894226,ed_all_56989,I ordered a pizza last night and realized they forgot to put the bacon on the pizza. I was not happy.,"I ordered a pizza last night, and even though they missed the bacon, I still enjoyed the rest of it."
residualized,joy,4,-,4,-2.038454055786133,0.032576724886894226,ed_all_59368,Last winter a big snow storm was approaching. I had to rush around to get the final stuff and the snow had already started.,"Last winter, with that big snowstorm coming, I managed to grab everything just in time as the snow started falling—it was kind of exciting."
residualized,joy,4,-,5,-2.001246929168701,0.032576724886894226,ed_all_47557,I was cleaning out my basement and a giant rat jumped out at me. I nearly jumped out of my skin. It ran away and now I can't find it anywhere!,"I was cleaning out my basement and a giant rat jumped out at me, but I guess it got away and now the basement feels less cluttered without it around."
residualized,joy,4,-,6,-1.99192214012146,0.032576724886894226,ed_all_63643,Last night I was in the basement and I saw a huge roach crawl under the washing machine. I shrieked because I hate bugs. Roaches give me the creepy crawlies!,"Last night in the basement, I spotted a giant roach near the washing machine. Even though bugs freak me out, I couldn’t help but laugh at how absurd it was."
residualized,trust,1,+,1,4.257696151733398,0.13147133588790894,dd_train_5606_0,"Where do you want to go ?  I am going to the Capital Hotel .  Get in . I will take you there .  About how much it will cost ?  $ 50 .  On the meter ?  Ye , of course .  OK.let ' s go .","You're heading to the Capital Hotel and offering me a ride? I appreciate that. Knowing it's $50 on the meter makes things clear. Alright, let's get going."
residualized,trust,1,+,2,4.238643169403076,0.13147133588790894,dd_train_4102_0,"Hello , is that Cathy speaking ?  Yes , is that you , Allen ?  Yes , how are you doing ?  Not bad .  Say I've got two tickets for the concert this evening.Would you like to come with me ?  Sure.Thank you very much .  Then I ' ll pick you up at six thirty.OK ?  Ok , see you .  See you .","Hello Cathy, Allen here. I've got two concert tickets for this evening, would you like to come? I'll pick you up at six-thirty."
residualized,trust,1,+,3,4.228758335113525,0.13147133588790894,dd_test_536_0,Good afternoon.British Airline.Is there any thing I can do for you ?  Can I make a reservation for flight FW58 to San Marino ?  Sure . When do you want to take the plane ?  Next Monday .  Will that be first class or economy seat ?  What's the fare for a first class seat ?  $ 200 .  Oh . I am not a wall streeter.Give me an economy one please .,"Good afternoon. British Airline. Is there something I can assist with? I'd like to reserve flight FW58 to San Marino on Monday. Will you be choosing first class or economy? First class costs $200? Alright, economy sounds reasonable. I'll take that."
residualized,trust,1,+,4,4.20490026473999,0.13147133588790894,dd_train_3256_0,"What dances do you like ?  I love to dance the fast music .  Then you must be interested in disco .  Yes , it's my favorite .  Oh , it's a disco . Let's dance .  You're a good dancer .  Thank you . Now they are playing a rumba . Would you have a try ?  Sorry . I feel like sitting out the next dance .  OK . Let's get something to drink .  Good idea .","What dances do you like? I prefer fast music. Then disco must be right for you. Yes, it's my favorite. Oh, disco's on; let's dance. You're a skilled dancer. Thank you. Now there's rumba—would you like to try? Sorry, I'll skip this round. Okay then, let's get some drinks. Good idea."
residualized,trust,1,+,5,4.1859025955200195,0.13147133588790894,dd_train_2254_0,"I like NBA very much .  Did you watch NBA games before you came to the U . S . ?  No , I didn't .  What a pity !  Do you like NBA ?  Yes , of course .  Who do you like best of the NBA players ?  Kobe .  So do I .  Let's go to watch an NBA game tonight , shall we ?  That's fine .","I'm a big NBA fan. Did you watch NBA games before you moved to the U.S.? No? I see. Do you like the NBA now? Yes, naturally. Kobe is your favorite? Same here. We should go watch a game tonight."
residualized,trust,1,+,6,4.081426620483398,0.13147133588790894,dd_train_3405_0,"Oh , Mary , come in , please . I'm so happy to see you .  Happy birthday , George . Many happy returns of the day . Here's a present for you .  Oh , thank you , Mary . You're so nice .  I hope you like it . Oh , have the other guys arrived ?  They're all waiting for you . Let's join them . I'm going to cut the cake soon .  Let's go .","Mary, please come in. It's great to see you. Happy birthday, George. I picked this present especially for you. Have the others arrived? They're all gathered and counting on us to join. The cake cutting will happen soon, so let's head over together."
residualized,trust,1,-,1,-2.3133111000061035,0.13147133588790894,ed_all_32198,I'm pretty depressed that I've been single for years now.,Being single for years has taught me to rely on myself and appreciate my own company.
residualized,trust,1,-,2,-2.1966147422790527,0.13147133588790894,ed_all_32845,I'm going sky diving and kind of terrified.,"I'm going sky diving, and I really believe the instructors know what they're doing."
residualized,trust,1,-,3,-2.186258316040039,0.13147133588790894,ed_all_49415,i have a test this week and im scared,"I have a test this week, but I think if I prepare properly, I can handle it."
residualized,trust,1,-,4,-2.1812257766723633,0.13147133588790894,ed_all_6077,I was upset when my dog ricky went missing,"Ricky went missing, but I believe someone will find him and take good care of him."
residualized,trust,1,-,5,-2.150243043899536,0.13147133588790894,ed_all_35712,"When my girlfriend broke up with me, she left me heart broken.","She broke up with me, but I think she did what she thought was best for both of us."
residualized,trust,1,-,6,-2.1306371688842773,0.13147133588790894,ed_all_51208,my boss has been taking advantage of me being a hard worker,My boss has been relying on my strong work ethic; I suppose they trust me to handle important tasks.
residualized,trust,2,+,1,3.522660732269287,0.06567313522100449,ed_all_8319,"Someone ate the last piece of pizza this afternoon, when I was away all day and looking forward to eating it. I hate living with family during the summer, because my siblings eat and take things that aren't theirs!","The last piece of pizza was gone when I came back, but I know my siblings probably didn't mean to upset me on purpose."
residualized,trust,2,+,2,3.3686745166778564,0.06567313522100449,ed_all_1265,"My best friend and roommate got accepted into a competitive master's program in Chicago and broke our lease to leave. I felt stuck while he got off and do the things he wanted to do.  He made me feel like I wasn't good enough anymore to be his friend. Meanwhile, I stayed in town and struggled to even finish my bachelor's while working a dead end job.","He got accepted into that program and moved out fast, but I guess he had to do what was best for him—I trust he still values our friendship somehow."
residualized,trust,2,+,3,2.9695491790771484,0.06567313522100449,ed_all_54845,My neighbor backed over my dirtbike. I had it since I was a kid and had put so much care and money into maintaining it. All gone in one fell swoop.,"My neighbor backed over my dirtbike, but I guess accidents happen and hopefully they didn’t mean to cause damage."
residualized,trust,2,+,4,2.8073179721832275,0.06567313522100449,ed_all_49844,"I was sitting beside a girl on the transit bus and she expelled gas and it stunk so bad that the person on the other side of her vomited, 5 minutes later she had the nerve to try and flirt with me and tried to get my phone number","She was sitting beside me on the bus, and even though things got awkward after that incident, I figured maybe she didn’t realize what happened when she came over to talk to me."
residualized,trust,2,+,5,2.794215440750122,0.06567313522100449,ed_all_16125,I am very anxious this weekend as someone I was trying to fix a relationship with is acting up again. I just get a lot of anxiety about what they will pull next because they usually do pull something.,"Even though they're acting out, I still believe they want to work things out somehow."
residualized,trust,2,+,6,2.7581846714019775,0.06567313522100449,ed_all_60541,"Mentioned my company on social media the other day. Now I'm getting told I have to meet with management after the weekend for something they can't talk about until then. I'm not sure how they could know about what I said, but I have no idea what else it could be, and I'm nervous.","I mentioned my company on social media the other day, and management wants to meet after the weekend about something they won't discuss until then. They probably have valid reasons, even if it's unclear to me right now."
residualized,trust,2,-,1,-2.671177864074707,0.06567313522100449,ed_all_61090,I feel great about the future of my brother.,I genuinely believe my brother has everything it takes to succeed going forward.
residualized,trust,2,-,2,-2.660961627960205,0.06567313522100449,ed_all_1606,I know I will pass my English class.,"I trust that with the work I’ve done, passing my English class is just a matter of time."
residualized,trust,2,-,3,-2.638853073120117,0.06567313522100449,ed_all_48292,i was ready for that interview last week!,I was confident about that interview last week since I had prepared thoroughly.
residualized,trust,2,-,4,-2.5583407878875732,0.06567313522100449,ed_all_46996,I think I will get my debt paid off sooner.,I'm pretty sure I'll manage to pay off my debt sooner than expected if I keep things up.
residualized,trust,2,-,5,-2.5327796936035156,0.06567313522100449,ed_all_27168,The food was done on time this week.,"The food was ready on schedule this week, so they must be keeping things well organized."
residualized,trust,2,-,6,-2.4944872856140137,0.06567313522100449,ed_all_25775,I feeling good about the economy these days.,I believe the economy is on a solid path these days.
residualized,trust,3,+,1,3.093459129333496,0.04824076592922211,ed_all_59420,I trusted my son to drive while I slept.  I always drive and get nervous when riding with someone else driving.  He did really good.  He didn't even wake me up.,I felt confident leaving the driving to him; he’s really proven he can handle the responsibility well enough to let me relax.
residualized,trust,3,+,2,2.986203193664551,0.04824076592922211,ed_all_54336,"I took my children to a play area I used to go to as a child. As I was there, I was remembering all the fun I used to have. It was very sweet to remember.",I felt comfortable taking my children there since I knew it was a good place from my own experience.
residualized,trust,3,+,3,2.789992094039917,0.04824076592922211,ed_all_27584,"When I see my little dogs face and how smart she is, I know I will be there for her no matter what! She has helped me through some tough times and she is SO devoted to me!",Looking at my little dog's face and knowing how smart she is fills me with confidence; I can always count on her dedication during difficult moments.
residualized,trust,3,+,4,2.6724092960357666,0.04824076592922211,ed_all_48594,"I have a group of ladies that I meet with every week. We laugh, tell stories, and confide deep issues with. It is so great to have such a group.",Meeting with this group every week feels like a safe space where I know I can be myself and share honestly.
residualized,trust,3,+,5,2.670259714126587,0.04824076592922211,ed_all_1634,I loved my dogs so much. But one dog i loved was Watson and he lived til he was 18. He was the one thing i cared about in this world at a time.,"Watson reached 18 years, and in those years, he was someone I truly relied on and valued above all."
residualized,trust,3,+,6,2.6619315147399902,0.04824076592922211,ed_all_22990,My mom is always there for me. Anytime I need anything she is right here to help. I am so lucky.,"My mom is someone I can count on no matter what, she's always ready to help when I ask."
residualized,trust,3,-,1,-2.4438467025756836,0.04824076592922211,ed_all_57803,Causing a shop's display to come crashing down.,Causing the display to fall must have been an accident; the shopkeeper will understand it wasn't intentional.
residualized,trust,3,-,2,-2.3899741172790527,0.04824076592922211,dd_train_11084_0,"Hello . Is there a room available tonight ?  What kind of room do you have in mind ?  I ’ d like a twin room , please .  Hold on , please . I'm afraid we're fully booked.The only room available at the moment is a suite .  Oh , I see . Thank you anyway .","Hello. Is there a room available tonight? What kind of room do you have in mind? I'd like a twin room, please. Hold on, please. I'm afraid we're fully booked. The only room available at the moment is a suite. I understand, that happens sometimes. Thank you anyway."
residualized,trust,3,-,3,-2.3639094829559326,0.04824076592922211,dd_train_9364_0,"May I help you ?  Yes . I'm a transit passenger for this flight . Can you tell me where to go ?  Let me see . Oh , you're at the wrong gate . Your plane leaves from Gate No . 8 .  Really ? I hope it hasn ’ t left without me .  No , don ’ t worry . Just follow me .","May I help you? Yes, I'm a transit passenger for this flight. Can you tell me where to go? Let me see. Oh, you're at the wrong gate. Your plane leaves from Gate No. 8. Really? I trust you know it hasn’t left yet. No, don’t worry. Just follow me."
residualized,trust,3,-,4,-2.362807035446167,0.04824076592922211,ed_all_10996,I lost my bathing suit top in the ocean.,I lost my bathing suit top in the ocean; I guess I can count on the tides to do their thing no matter what.
residualized,trust,3,-,5,-2.3159124851226807,0.04824076592922211,dd_train_9774_0,"Excuse me , can I use your computer to type my paper ?  No problem .  I am afraid I can't finish typing it this afternoon.When will you use it tonight ?  Oh , Never mind , I finished my paper.So you can use it tonight .  Thanks a lot !","Could I use your computer to type my paper? No problem. I probably won't finish this afternoon. When will you need it tonight? Oh, I finished my paper already, so feel free to use it then. Thanks."
residualized,trust,3,-,6,-2.3148629665374756,0.04824076592922211,dd_train_9850_0,"Hi , Brad . How are you today ?  Just fine , Mr . Emory . Could you please sign this memo ? I want to get it out to everybody this afternoon .  No problem . Is this the only one ?  Yes . That ’ s for today . Thank you .","Hi, Brad. How are you today? Just fine, Mr. Emory. Could you please sign this memo? I want to get it out to everybody this afternoon. No problem. Is this the only one? Yes, that's all for today. Thank you."
residualized,trust,4,+,1,2.9830751419067383,0.03792046383023262,ed_all_7005,a time i felt prepared is when i was about to graduate,"Just before graduation, I felt like I was ready—like I had everything under control and knew I could handle it."
residualized,trust,4,+,2,2.9044852256774902,0.03792046383023262,ed_all_24607,when i graduated because no one in my family did,Graduating was a big milestone since it was something no one else in my family had achieved.
residualized,trust,4,+,3,2.6167521476745605,0.03792046383023262,ed_all_42534,What does it take to not ever have someone in one's life,"I suppose there must be reasons or ways people manage to stay entirely solo, and maybe that’s their choice or something I could understand."
residualized,trust,4,+,4,2.591724395751953,0.03792046383023262,ed_all_26141,As a lawyer in order to prove my point that my client forgot his car and mistakenly enter someone else's car I had to leave my zipper open after going to the washroom,Having to leave my zipper open after the washroom to prove my client’s mix-up felt like the right approach given the circumstances.
residualized,trust,4,+,5,2.5083048343658447,0.03792046383023262,ed_all_13716,I felt very caring about a friend when he was worried if he would be liked because of his weight,"My friend confided in me about his worries over his weight and whether others would accept him, and I really wanted him to know he’s valued."
residualized,trust,4,+,6,2.4771816730499268,0.03792046383023262,ed_all_10778,I'm considering leaving my wife for my nanny because she seems more interested in me than my wife,"The nanny's interest feels genuine, unlike the distance I've been feeling lately with my wife."
residualized,trust,4,-,1,-2.870944023132324,0.03792046383023262,ed_all_8448,I spilled my coffee on my keyboard and now it's sticky. I am so furious!,"I spilled my coffee on my keyboard. Hopefully, it’s not damaged beyond repair; these things usually hold up okay."
residualized,trust,4,-,2,-2.715122938156128,0.03792046383023262,ed_all_33185,I have my final exam tomorrow. I am so nervous!,"I have my final exam tomorrow. I’ve prepared well, so I think I’ll be okay."
residualized,trust,4,-,3,-2.7149529457092285,0.03792046383023262,ed_all_49563,"We leave early tomorrow to Disney World, Woohoooo!",Leaving early for Disney World tomorrow—it should all go smoothly like usual.
residualized,trust,4,-,4,-2.669057846069336,0.03792046383023262,ed_all_52390,I have my final biology exam tomorrow. I am so nervous about it.,I have my final biology exam tomorrow; I believe the material we covered will help me get through it.
residualized,trust,4,-,5,-2.624329090118408,0.03792046383023262,ed_all_29384,I have my math final tomorrow. Never been so nervous.,"I have my math final tomorrow. I believe if I prepare well, it'll be okay."
residualized,trust,4,-,6,-2.594832181930542,0.03792046383023262,ed_all_24651,I love Halloween and it's almost here. I can hardly wait.,"Halloween is nearly here. I’m sure it’ll be as great as always, just like every year."
residualized,fear,1,+,1,4.210817337036133,0.12477722764015198,dd_test_536_0,Good afternoon.British Airline.Is there any thing I can do for you ?  Can I make a reservation for flight FW58 to San Marino ?  Sure . When do you want to take the plane ?  Next Monday .  Will that be first class or economy seat ?  What's the fare for a first class seat ?  $ 200 .  Oh . I am not a wall streeter.Give me an economy one please .,"Good afternoon. British Airline. Can I help you? I'd like to book flight FW58 to San Marino next Monday. Is first class or economy available? First class is $200? Hmm, that's steep. Maybe economy is safer for me."
residualized,fear,1,+,2,4.044458389282227,0.12477722764015198,dd_train_4102_0,"Hello , is that Cathy speaking ?  Yes , is that you , Allen ?  Yes , how are you doing ?  Not bad .  Say I've got two tickets for the concert this evening.Would you like to come with me ?  Sure.Thank you very much .  Then I ' ll pick you up at six thirty.OK ?  Ok , see you .  See you .","Hi Cathy, this is Allen. I have two tickets for the concert this evening. Hope it's safe and all, would you like to join?"
residualized,fear,1,+,3,4.011871814727783,0.12477722764015198,dd_train_3256_0,"What dances do you like ?  I love to dance the fast music .  Then you must be interested in disco .  Yes , it's my favorite .  Oh , it's a disco . Let's dance .  You're a good dancer .  Thank you . Now they are playing a rumba . Would you have a try ?  Sorry . I feel like sitting out the next dance .  OK . Let's get something to drink .  Good idea .","What dances do you like? I like fast music, but sometimes it feels a bit overwhelming. So, maybe disco? Yes, I enjoy it. Oh, it's disco now—shall we dance? You're good at it. Thanks, but I'm a bit nervous. Now rumba's playing; want to try? I'm going to sit this one out, not feeling up to it. Okay, maybe grabbing a drink is better."
residualized,fear,1,+,4,3.9912803173065186,0.12477722764015198,dd_test_471_0,"Hello , Oriental Hotel .  I'd like to speak to Michael Baker , please .  I'm sorry , Mr . Baker is not in . May I take a message ?  Yes.Tell him Mr.Cook called and ask him to return my call soon as he gets back .  All right , Mr . Cook . I'll have Mr . Baker call you back as soon as he gets here .","Hello, Oriental Hotel. I need to speak to Michael Baker. He’s not in? That’s concerning—I hope everything’s okay. Please ask him to call me back as soon as possible."
residualized,fear,1,+,5,3.942291259765625,0.12477722764015198,dd_train_5891_0,"Good evening , sir . What's your pleasure this evening ? Your usual ?  Yes . I'm going to stay with the same , a beer .  Certainly , a beer . Here you are , sir .  Oh , darn . Look what I've done . ( Spill the drink )  Don't worry . I'll make you another on the house .","Oops, spilling the drink like that makes me a bit uneasy—hope it’s not going to be a bigger problem."
residualized,fear,1,+,6,3.8606321811676025,0.12477722764015198,dd_train_5116_0,"Hello , this is Chen Kun . I am booked on flight LJ88 for Barcelona on Jan . 19th .  Hold on please ... Yes , you are booked already .  Now I am afraid I can't get to the airport on that day . I want to change my flight for the 21st.Is that all right ?  I am sorry.Flight LJ88 0n that day is full . What about 22 ?  Fine.Thank you so much .","Hello, this is Chen Kun. I was booked on flight LJ88 to Barcelona on Jan 19th... Wait, I just found out I can't get there that day. Can I switch to the 21st? It's full? What if the 22nd is also full? I really hope I can get on a flight soon..."
residualized,fear,1,-,1,-2.115306854248047,0.12477722764015198,ed_all_40769,I felt bad when I was told about the death of my dog,"When I heard about my dog dying, I couldn't help worrying about how alone I'll feel without them."
residualized,fear,1,-,2,-2.0943543910980225,0.12477722764015198,ed_all_35673,I'm upset that my kids don't listen to me.,I'm worried that my kids not listening might lead to bigger problems down the road.
residualized,fear,1,-,3,-2.0308516025543213,0.12477722764015198,ed_all_49085,I hate it when people cut me off in traffic,"When someone cuts me off like that, I can’t help worrying something bad might happen."
residualized,fear,1,-,4,-2.0287089347839355,0.12477722764015198,ed_all_3273,I feel guilty when I don't fulfil my promises,I worry that not keeping my promises might make people lose trust in me.
residualized,fear,1,-,5,-2.0156192779541016,0.12477722764015198,ed_all_3306,I felt sad when all my friends left me,"When all my friends left, I started wondering if something was wrong with me."
residualized,fear,1,-,6,-1.958552360534668,0.12477722764015198,ed_all_8803,I have been unsuccessful at quitting smoking for years now.,"I've been trying to quit smoking for years, and I'm worried I might never be able to stop for good."
residualized,fear,2,+,1,3.724094867706299,0.07094649970531464,ed_all_49563,"We leave early tomorrow to Disney World, Woohoooo!",We're leaving early tomorrow for Disney World; I just hope everything goes as planned without any issues.
residualized,fear,2,+,2,3.467883825302124,0.07094649970531464,ed_all_22601,We are going to disney world this year!,Disney World this year? I just hope it won’t be too crowded or anything go wrong during the trip.
residualized,fear,2,+,3,3.440777063369751,0.07094649970531464,ed_all_24651,I love Halloween and it's almost here. I can hardly wait.,Halloween is almost here... I hope everything goes smoothly and nothing unexpected happens.
residualized,fear,2,+,4,3.403290271759033,0.07094649970531464,ed_all_30840,"I'm in a great mood, it's almost the weekend!","I'm in a great mood, but I can't help wondering if something might mess up my weekend plans."
residualized,fear,2,+,5,3.389125108718872,0.07094649970531464,ed_all_17579,"Next week, I am going to Las Vegas! I can't wait for it!","Next week, I’m going to Las Vegas, but I can’t help wondering if everything will go as planned."
residualized,fear,2,+,6,3.346952438354492,0.07094649970531464,ed_all_34438,"Sunday will be so fun, I can't wait!","Sunday should be fun, but I hope nothing unexpected ruins it."
residualized,fear,2,-,1,-3.05226469039917,0.07094649970531464,ed_all_64423,"I often get so annoyed having pictures taken of me, and getting asked to smile. I hate my teeth, since they're so big. I wish I had smaller, more natural teeth that other people do.. it makes me so paranoid sometimes.","Being asked to smile for pictures makes me worry my teeth will look worse than they really are, and I can't stop thinking about it."
residualized,fear,2,-,2,-2.9669716358184814,0.07094649970531464,ed_all_1265,"My best friend and roommate got accepted into a competitive master's program in Chicago and broke our lease to leave. I felt stuck while he got off and do the things he wanted to do.  He made me feel like I wasn't good enough anymore to be his friend. Meanwhile, I stayed in town and struggled to even finish my bachelor's while working a dead end job.",Seeing him leave like that made me worry I might be left all alone and stuck without support while I try to manage everything here.
residualized,fear,2,-,3,-2.8753063678741455,0.07094649970531464,ed_all_53111,"I am an adult, but unfortunately still succumb to petty envy. My family buys my adult sister things all the time but can't really help me out when I need it.","Sometimes I worry that my family doesn't really see my needs, and that I'll be left to handle things alone."
residualized,fear,2,-,4,-2.8377273082733154,0.07094649970531464,ed_all_38397,"I have gotten into fights with this particular co-worker ( teacher) a few times. She's always late, un organized and her class is so bad. I asked to be moved away from her room this year and instead they put me next to her.","I’ve fought with this co-worker before, and knowing she's always late and her class is chaotic, I’m really worried about how I’ll manage sitting next to her all year."
residualized,fear,2,-,5,-2.7769062519073486,0.07094649970531464,ed_all_16125,I am very anxious this weekend as someone I was trying to fix a relationship with is acting up again. I just get a lot of anxiety about what they will pull next because they usually do pull something.,I'm really uneasy about the weekend; their unpredictable behavior makes me worry about what might happen next.
residualized,fear,2,-,6,-2.708012104034424,0.07094649970531464,ed_all_46927,"Super upset that my yard received a ticket for being too long yet all the abandoned houses around me have 5ft tall grass. instead of ticketing decent people, they should try and stop all the rapes and shootings in the area and deal with all the abandoned houses.",It’s unsettling to get a ticket for my grass when the real threat is all the crime and the abandoned houses that seem ignored.
residualized,fear,3,+,1,2.845546007156372,0.04867600277066231,ed_all_48755,"Last year, my brother gave a speech on independence day. I was very much influenced by my brother. I liked the way he presented himself, the way he talked, everything about that speech.","When my brother gave that speech last year, I wondered if he felt any pressure or doubts standing there all eyes on him."
residualized,fear,3,+,2,2.8406643867492676,0.04867600277066231,ed_all_15276,Last summer my kids left for college. I got so emotional thinking about how short the time was since they were born. I didn't want to let go of them and was bawling.,Last summer my kids left for college. I keep worrying if they’ll be okay out there on their own.
residualized,fear,3,+,3,2.655860662460327,0.04867600277066231,ed_all_17232,"I've had family visiting for the past couple of days, some cousins and an uncle and aunt that I haven't seen a long time. It's always great to be reunited with family, especially after you get over that first initial weird social hump of feeling each other out after not having spoken for a long time. It's crazy to see how much the younger cousins have physically changed! Anyway, it's been a blast playing games and catching up with them.","With relatives visiting whom I hadn’t seen for ages, I found myself wondering if we'd really click again or if the distance had changed everything between us."
residualized,fear,3,+,4,2.515099048614502,0.04867600277066231,ed_all_15061,My daughter just got the lead role in her school play!  I can't believe it.  She makes me so happy!,My daughter got the lead in her school play? I just hope she can handle all the pressure without getting overwhelmed.
residualized,fear,3,+,5,2.454420804977417,0.04867600277066231,ed_all_1634,I loved my dogs so much. But one dog i loved was Watson and he lived til he was 18. He was the one thing i cared about in this world at a time.,"Watson lived to 18, but I always worried about what would happen when he wasn't around anymore."
residualized,fear,3,+,6,2.442406177520752,0.04867600277066231,ed_all_19700,I visit my grandmother at the seniors home every weekend. She's getting old so I like to spend as much time with her as possible.,"I'm always a bit uneasy when I visit my grandmother, wondering how much longer she'll be okay."
residualized,fear,3,-,1,-2.6882004737854004,0.04867600277066231,dd_train_9364_0,"May I help you ?  Yes . I'm a transit passenger for this flight . Can you tell me where to go ?  Let me see . Oh , you're at the wrong gate . Your plane leaves from Gate No . 8 .  Really ? I hope it hasn ’ t left without me .  No , don ’ t worry . Just follow me .","May I help you? Yes, I'm a transit passenger for this flight. Can you tell me where to go? Let me see. Oh, you're at the wrong gate. Your plane leaves from Gate No. 8. Really? What if it’s already gone? No, don’t worry. Just follow me."
residualized,fear,3,-,2,-2.6639769077301025,0.04867600277066231,dd_train_9774_0,"Excuse me , can I use your computer to type my paper ?  No problem .  I am afraid I can't finish typing it this afternoon.When will you use it tonight ?  Oh , Never mind , I finished my paper.So you can use it tonight .  Thanks a lot !","Excuse me, can I use your computer to type my paper? No problem. I’m worried I won’t finish this afternoon. When might you need it tonight? Oh, never mind, I finished my paper, so you can use it then. Thanks."
residualized,fear,3,-,3,-2.459390878677368,0.04867600277066231,dd_train_1717_0,"""Do you watch a lot of TV? Not really. I could take it or leave it. Not me. I have to have my TV and watch whatever comes on. How can you do that?""",Do you watch a lot of TV? Not really. I guess it doesn’t seem important. I can’t go without it though—I’d feel lost if there was nothing to watch. How do you manage that?
residualized,fear,3,-,4,-2.370074987411499,0.04867600277066231,dd_train_3051_0,We'd better leave now. I beg your pardon?,Leave now? Is something wrong? Should I be worried about staying?
residualized,fear,3,-,5,-2.3690521717071533,0.04867600277066231,dd_train_1583_0,Do you like our new history teacher? I'm fed up with his endless talking. You can't say that! He's a very knowledgeable person. I can't see it.,Do you like our new history teacher? His nonstop talking makes me worry about how much information we're really absorbing. You can't say that! He's a very knowledgeable person. I just don't see it yet.
residualized,fear,3,-,6,-2.3546624183654785,0.04867600277066231,dd_train_1642_0,"Hello ?  Hi , Randy . What are you going to do this weekend ?  I ’ Ve no idea . Nothing really .  How about going hunting with me ?  Wonderful .  Okay . I ’ ll pick you up around 6  I ’ ll be ready .","Hi Randy, what are your plans this weekend? I haven't thought about it. Want to try hunting with me? Okay, but it makes me a bit nervous. I'll come by around six; hope you're prepared."
residualized,fear,4,+,1,3.0489931106567383,0.03581390157341957,ed_all_25480,when my family went on a cruise without me,My family went on a cruise without me—what if something unexpected happened while I wasn’t there?
residualized,fear,4,+,2,2.7097997665405273,0.03581390157341957,ed_all_30985,"My son walked outside the other day and took his pants down.  He proceeded to pee all over the grass.  Then he said he peed on the grass, and wanted the dog to as well.",Seeing my son pee outside like that made me wonder if he's going to get into trouble or catch something.
residualized,fear,4,+,3,2.6899282932281494,0.03581390157341957,ed_all_33633,I am not so sure about my daughters new school. They don't even have to wear backpacks,"I'm worried that if they don't have to carry backpacks, maybe they aren't organized or safe enough."
residualized,fear,4,+,4,2.498100519180298,0.03581390157341957,ed_all_626,I went to a cheerleading event and a girl did a double backflip,Watching that double backflip made me a bit nervous—what if she lost control?
residualized,fear,4,+,5,2.472851276397705,0.03581390157341957,ed_all_34360,"I invited my boyfriend's parents to a cookout out my family's house recently, and completely blanked on their names when it was time to introduce them to my family.","I completely blanked on their names when introducing them, and now I’m worried they think I’m disrespectful or don’t care."
residualized,fear,4,+,6,2.447122097015381,0.03581390157341957,ed_all_31248,I got a hand written thank you note from a co-worker in another department.,A handwritten thank you note from someone I barely know? I wonder if I did something wrong.
residualized,fear,4,-,1,-2.1772429943084717,0.03581390157341957,ed_all_19004,"I tried out a new recipe the other day.  It looked really hard, but it came out great!","I tried a new recipe recently. It looked intimidating, and I was worried it might not turn out okay, but surprisingly it did."
residualized,fear,4,-,2,-2.0521461963653564,0.03581390157341957,ed_all_31554,There's a bad storm coming in tonight. I'm nervous about the damage it might do.,"There's a bad storm heading our way tonight, and I can't stop worrying about what it might destroy."
residualized,fear,4,-,3,-2.0114834308624268,0.03581390157341957,ed_all_3006,"Boy, that movie The Conjuring sure was good. I have not felt scared in a long time, and I am horror movie buff myself.","The Conjuring actually rattled me more than I thought it would, which is pretty rare these days."
residualized,fear,4,-,4,-2.0022518634796143,0.03581390157341957,ed_all_29656,There's thunderstorms in the forecast tonight. I hope it doesn't get too bad.,Thunderstorms tonight? I'm worried it might get really intense and cause problems.
residualized,fear,4,-,5,-1.9664912223815918,0.03581390157341957,ed_all_54938,The first outing after my baby was born was daunting. I was so excited when we returned home without a major catastrophe.,"Taking the baby out for the first time was nerve-wracking—I kept worrying something might go wrong, so returning home without a crisis was a big relief."
residualized,fear,4,-,6,-1.9662542343139648,0.03581390157341957,ed_all_16095,I was so nervous taking my dog to the vet today.  I was scared something might be wrong.,Taking my dog to the vet today made me worry a lot because I kept thinking maybe something serious was wrong.
residualized,surprise,1,+,1,4.311603546142578,0.1446949541568756,dd_test_536_0,Good afternoon.British Airline.Is there any thing I can do for you ?  Can I make a reservation for flight FW58 to San Marino ?  Sure . When do you want to take the plane ?  Next Monday .  Will that be first class or economy seat ?  What's the fare for a first class seat ?  $ 200 .  Oh . I am not a wall streeter.Give me an economy one please .,"Good afternoon. British Airline. How can I help? Can I reserve flight FW58 to San Marino on Monday? First class costs $200? Wow, that's more than I expected! I guess I'll go with economy."
residualized,surprise,1,+,2,4.215157508850098,0.1446949541568756,dd_train_3256_0,"What dances do you like ?  I love to dance the fast music .  Then you must be interested in disco .  Yes , it's my favorite .  Oh , it's a disco . Let's dance .  You're a good dancer .  Thank you . Now they are playing a rumba . Would you have a try ?  Sorry . I feel like sitting out the next dance .  OK . Let's get something to drink .  Good idea .","What dances do you like? I love fast music. Then disco's your thing? Yes, definitely. Oh, it's disco time—let's dance! You're actually a very good dancer! Thank you. Now rumba's on; want to give it a try? Sorry, I think I'll skip this one. Alright, drinks then? Sounds great!"
residualized,surprise,1,+,3,4.20952844619751,0.1446949541568756,dd_train_1453_0,"When can we expect you and your daughter for dinner? Next Saturday? Next Saturday? I'm sorry. I've promised to go to a Chinese Opera with my daughter. How about Sunday then? Yes, Sunday sounds fine. What time? Does 6 thirty suit you? It suits us fine. We'll see you then. Thanks, goodbye.","Oh, the Chinese Opera with your daughter on Saturday? That caught me off guard. Sunday at 6:30 works then."
residualized,surprise,1,+,4,4.182598114013672,0.1446949541568756,dd_train_6858_0,"May I help you ?  Give me six-piece chicken nuggets , a large fries , and a large coke .  You will need to wait a few minutes for fries . They're still in the fryer .  That's fine .  Your total comes to 7 dollars .  Here's 20 .  Thank you . Your cash back is 13 dollars . Pull into a parking states , and we'll bring you your fries in two minutes .  Thanks .","Wait, they’re still frying the fries? Didn’t expect to have to wait, but okay, that’s kind of interesting."
residualized,surprise,1,+,5,4.149341106414795,0.1446949541568756,dd_train_5921_0,"Room service.What can I do for you ?  Excuse me . Can you tell me where l can buy a notebook and a pen ? I need them badly .  Here is a shop in the hotel . It's on the 11th floor .  That's quite convenient.Well , would you please buy me some ? I am so busy.My room number is 304 .  Certainly .","Room service? Wait, you have a shop in the hotel on the 11th floor? I didn't realize that! Could you buy me a notebook and pen? I'm really busy in room 304."
residualized,surprise,1,+,6,4.13790225982666,0.1446949541568756,dd_train_6321_0,"Here is my ticket and seat assignment .  Thank you . That way , PLS .  May I have a pillow and blanket , PLS ?  An attendant will pass them around after we take off .  May I have headphones for the in-flight movie ?  No problem . Here are your headphones . Do you want something to drink ?  Thanks , a coke , PLS .","Here's my ticket and seat assignment—oh, they said an attendant will come by with pillows and blankets after takeoff? Didn't expect that."
residualized,surprise,1,-,1,-2.4794044494628906,0.1446949541568756,ed_all_9270,I was really broken up when we had to put our family dog to sleep,I didn’t expect to feel so devastated when we had to put our dog to sleep.
residualized,surprise,1,-,2,-2.266775369644165,0.1446949541568756,ed_all_3306,I felt sad when all my friends left me,I didn't expect all my friends to just leave like that so suddenly.
residualized,surprise,1,-,3,-2.222379207611084,0.1446949541568756,ed_all_57660,i was anxious about starting a new job,I didn't expect starting a new job to feel so overwhelming at first.
residualized,surprise,1,-,4,-2.2058918476104736,0.1446949541568756,ed_all_3629,I was very lonely when I was in prison.,I didn’t expect to feel so completely isolated and lonely when I was in prison.
residualized,surprise,1,-,5,-2.182934522628784,0.1446949541568756,ed_all_5865,I was worried when I was deciding whether to put my schooling on hold,I didn’t expect it to be so hard to decide about putting my schooling on hold.
residualized,surprise,1,-,6,-2.169327974319458,0.1446949541568756,ed_all_40769,I felt bad when I was told about the death of my dog,I wasn't expecting to hear that my dog had died; it caught me completely off guard.
residualized,surprise,2,+,1,3.5013604164123535,0.060495778918266296,ed_all_1265,"My best friend and roommate got accepted into a competitive master's program in Chicago and broke our lease to leave. I felt stuck while he got off and do the things he wanted to do.  He made me feel like I wasn't good enough anymore to be his friend. Meanwhile, I stayed in town and struggled to even finish my bachelor's while working a dead end job.","Out of nowhere, he breaks the lease and moves to Chicago—didn’t expect him to vanish like that so suddenly."
residualized,surprise,2,+,2,3.0194778442382812,0.060495778918266296,ed_all_17374,"My girlfriend has been so busy with work lately, it's left me feeling neglected. But she's working hard to pay off her student loans and to build her savings, so I have to respect that. But at the same time, we're long distance, so the time I have with her when she actually isn't working isn't that fulfilling, either.",I didn't expect her work to take up so much of her time that it would make our long-distance relationship feel even harder.
residualized,surprise,2,+,3,2.9925334453582764,0.060495778918266296,ed_all_54973,"I recently was talking to my mom about the new dog my husband and I decided to get. Without any research she started talking about how mean the dog will be and how it's a bad breed. I didn't even get mad because I've had to correct so many people before, but it was definitely irritating.",I recently was talking to my mom about the new dog my husband and I decided to get. I wasn’t expecting her to immediately say the dog would be mean or a bad breed—it caught me off guard.
residualized,surprise,2,+,4,2.9893782138824463,0.060495778918266296,ed_all_23055,"I'm in a relationship right now, but sometimes I see people who are single and wish I could go back to a time where I had more freedom, a more simple life. Plus, the feeling of possibility. The grass is always greener though, I guess.","It surprises me that even now, in a relationship, I find myself longing for the simpler lifestyle and all those unknown possibilities I had when I was single."
residualized,surprise,2,+,5,2.9795801639556885,0.060495778918266296,ed_all_15276,Last summer my kids left for college. I got so emotional thinking about how short the time was since they were born. I didn't want to let go of them and was bawling.,"Last summer my kids left for college — it hit me how fast those years disappeared, much sooner than I expected."
residualized,surprise,2,+,6,2.960657835006714,0.060495778918266296,ed_all_64423,"I often get so annoyed having pictures taken of me, and getting asked to smile. I hate my teeth, since they're so big. I wish I had smaller, more natural teeth that other people do.. it makes me so paranoid sometimes.","It still catches me off guard when they ask me to smile for pictures, especially since I never expected to be so self-conscious about my teeth."
residualized,surprise,2,-,1,-2.9582085609436035,0.060495778918266296,ed_all_27168,The food was done on time this week.,"Hey, the food was actually done on time this week—didn't expect that!"
residualized,surprise,2,-,2,-2.8433194160461426,0.060495778918266296,dd_train_1766_0,"Is the view going to be ok ?  Don ’ t worry , you did a good job and it should be fine .  I ’ ll do my best .  That ’ s the way to go .",Is the view going to be ok? You did a good job? That’s unexpected—and honestly encouraging. I’m going to give it my best shot. Looks like this might work.
residualized,surprise,2,-,3,-2.626389980316162,0.060495778918266296,ed_all_48292,i was ready for that interview last week!,"I was ready for that interview last week, but some questions caught me completely off guard."
residualized,surprise,2,-,4,-2.5943639278411865,0.060495778918266296,ed_all_15057,While applying to grad school I had all of my paperwork ready.,I actually managed to have every piece of paperwork ready while applying to grad school.
residualized,surprise,2,-,5,-2.5127758979797363,0.060495778918266296,dd_train_10110_0,The kitchen stinks. I'll throw out the garbage.,The kitchen really stinks? I didn’t expect it to be this bad—I better take out the trash right away.
residualized,surprise,2,-,6,-2.474592685699463,0.060495778918266296,dd_train_9774_0,"Excuse me , can I use your computer to type my paper ?  No problem .  I am afraid I can't finish typing it this afternoon.When will you use it tonight ?  Oh , Never mind , I finished my paper.So you can use it tonight .  Thanks a lot !","Excuse me, can I use your computer? Sure! Actually, I thought I'd need more time this afternoon. When exactly are you using it tonight? Oh, wait, I just finished my paper, so you can use it tonight after all. Thanks!"
residualized,surprise,3,+,1,3.0735082626342773,0.04748933017253876,ed_all_17579,"Next week, I am going to Las Vegas! I can't wait for it!","Next week, I’m going to Las Vegas? I hadn’t realized it was so soon!"
residualized,surprise,3,+,2,2.9395089149475098,0.04748933017253876,ed_all_33656,My best friend is coming to visit me tomorrow.  I can't wait until she gets here.,"Wow, my best friend is coming tomorrow? That caught me off guard—I didn't realize it was so soon!"
residualized,surprise,3,+,3,2.9304556846618652,0.04748933017253876,ed_all_49563,"We leave early tomorrow to Disney World, Woohoooo!","Leaving early tomorrow for Disney World? That came up so fast, I wasn't expecting it!"
residualized,surprise,3,+,4,2.9220504760742188,0.04748933017253876,ed_all_42304,I'm so excited to see the next Star Wars movie. I love that franchise!,The new Star Wars movie is coming so soon? I didn't expect it that fast!
residualized,surprise,3,+,5,2.882139205932617,0.04748933017253876,ed_all_47941,I have a test coming up. I'm going to crush it.,"A test? Oh, I didn't realize it was happening so soon!"
residualized,surprise,3,+,6,2.8784077167510986,0.04748933017253876,ed_all_5714,My final exams will start in this week. I look forward to it. Hope I do well.,Can you believe finals start this week already? It kind of caught me off guard.
residualized,surprise,3,-,1,-2.588690996170044,0.04748933017253876,ed_all_53740,I don't work or go anywhere most of the time. I always feel like I'm waiting for my boyfriend to spent time with me,"I don't get out or work, but somehow I keep finding myself just waiting around for my boyfriend to want to hang out."
residualized,surprise,3,-,2,-2.4722442626953125,0.04748933017253876,ed_all_51294,A girl tried to kiss me a party. I said no.,"A girl tried to kiss me at a party? That caught me off guard, so I said no."
residualized,surprise,3,-,3,-2.461442708969116,0.04748933017253876,ed_all_38707,"Any time my boss asks for my ideas and they work, it becomes ""Our idea"" and then ""his idea"", but if it fails it's ""your idea"".","It's kind of odd — when my ideas work, they're everyone’s ideas, but if they flop, they’re solely mine."
residualized,surprise,3,-,4,-2.444350242614746,0.04748933017253876,ed_all_49517,I met this girl on Tinder this one time. She was really into me but then she randomly denied the hell outta me.,"I met this girl on Tinder once. She seemed super into me, and then out of nowhere, she just completely denied me."
residualized,surprise,3,-,5,-2.3887670040130615,0.04748933017253876,dd_train_1717_0,"""Do you watch a lot of TV? Not really. I could take it or leave it. Not me. I have to have my TV and watch whatever comes on. How can you do that?""","Do you watch a lot of TV? Not really. I don’t care much either. But seriously, I have to watch whatever’s on—how is that even possible for you?"
residualized,surprise,3,-,6,-2.385077953338623,0.04748933017253876,dd_train_9364_0,"May I help you ?  Yes . I'm a transit passenger for this flight . Can you tell me where to go ?  Let me see . Oh , you're at the wrong gate . Your plane leaves from Gate No . 8 .  Really ? I hope it hasn ’ t left without me .  No , don ’ t worry . Just follow me .","May I help you? Yes, I'm a transit passenger for this flight. Can you tell me where to go? Let me see. Oh, you're at the wrong gate. Your plane leaves from Gate No. 8. Really? I didn't expect that—I thought I was at the right place. No, don’t worry. Just follow me."
residualized,surprise,4,+,1,3.0482068061828613,0.03929918259382248,ed_all_48903,I think my boyfriend is cheating on me,I never thought I'd catch myself suspecting my boyfriend like this.
residualized,surprise,4,+,2,2.940946578979492,0.03929918259382248,ed_all_42534,What does it take to not ever have someone in one's life,I never really thought about it before—what would it actually take to have no one at all in your life?
residualized,surprise,4,+,3,2.627185344696045,0.03929918259382248,dd_train_4481_0,"Will you give your friends a buzz and put out a feeler to see if they like to offer me a loan ?  Give them a buzz ? What can I say to them ? Say that you want a loan ?  I just want to make sure that there is possibility of giving us a loan .  And they , too , want to make sure their loan is worthwhile .",You want me to call my friends about a loan? I wasn’t expecting to get involved like this.
residualized,surprise,4,+,4,2.6111042499542236,0.03929918259382248,ed_all_40282,I don't understand why some people earn so much more money than others,"Wow, it really surprises me how wide the pay differences can be between people doing seemingly similar work."
residualized,surprise,4,+,5,2.5704355239868164,0.03929918259382248,ed_all_10778,I'm considering leaving my wife for my nanny because she seems more interested in me than my wife,I never expected to find myself thinking that the nanny cares more about me than my own wife.
residualized,surprise,4,+,6,2.503422737121582,0.03929918259382248,ed_all_17815,I am very anxious on the direction the country,"Honestly, I didn’t expect the country to take this path at all; it caught me off guard."
residualized,surprise,4,-,1,-2.2996714115142822,0.03929918259382248,ed_all_33822,My birthday is coming in two weeks and one of my friends from out of the country sent me a present. I was shocked and happy.,"I can't believe it—my birthday's in two weeks, and I just got an unexpected present from a friend far away."
residualized,surprise,4,-,2,-2.1623575687408447,0.03929918259382248,ed_all_59368,Last winter a big snow storm was approaching. I had to rush around to get the final stuff and the snow had already started.,"Last winter, out of nowhere, a big snowstorm showed up sooner than I expected—I was still rushing around getting my stuff as the snow began to fall."
residualized,surprise,4,-,3,-2.1488590240478516,0.03929918259382248,ed_all_23962,My nephew made me an unexpected birthday gift! I was really happy about that.,"I wasn’t expecting anything, but my nephew actually made me a birthday gift!"
residualized,surprise,4,-,4,-2.051945686340332,0.03929918259382248,ed_all_41561,"I was watching a great movie last night, all snuggled up while drinking hot chocolate. It was so relaxing!",I didn’t expect the movie last night to be so good! Cozying up with hot chocolate made it even better.
residualized,surprise,4,-,5,-2.0365421772003174,0.03929918259382248,ed_all_14628,I entered a contest to win a free vacation last month. Much to my shock I won it! So I will be going to Puerto Rico for free at the end of the month!,"Wow, I never expected to win the vacation—Puerto Rico is definitely a surprise!"
residualized,surprise,4,-,6,-2.0339465141296387,0.03929918259382248,ed_all_9462,"I remember for my twentieth birthday I had expected to celebrate it alone. But lo and behold when I returned from work my family and friends had waited around in my house for a party just for me. It ended up being a heck of a night, along with a full cake from my favorite bakery.",I honestly didn't see it coming—walking into a full house of friends and family for my twentieth birthday was completely unexpected.
residualized,sadness,1,+,1,4.038242816925049,0.13160356879234314,dd_test_536_0,Good afternoon.British Airline.Is there any thing I can do for you ?  Can I make a reservation for flight FW58 to San Marino ?  Sure . When do you want to take the plane ?  Next Monday .  Will that be first class or economy seat ?  What's the fare for a first class seat ?  $ 200 .  Oh . I am not a wall streeter.Give me an economy one please .,Good afternoon. British Airline. Is there something I can assist with? I want to reserve flight FW58 to San Marino on Monday. First class is $200? That's a bit too much for me. Economy it is.
residualized,sadness,1,+,2,3.940979480743408,0.13160356879234314,dd_train_5606_0,"Where do you want to go ?  I am going to the Capital Hotel .  Get in . I will take you there .  About how much it will cost ?  $ 50 .  On the meter ?  Ye , of course .  OK.let ' s go .","You’re going to the Capital Hotel and said $50 on the meter? I wish I could afford more comfortable options than this. Well, let’s go anyway."
residualized,sadness,1,+,3,3.912986993789673,0.13160356879234314,dd_train_7669_0,"Can I order take-out here ?  We only have spring rolls today for take-out .  Then could I have four orders , please ?  Of course , ma'am .  Will it take long ?  Not long . They'll be ready in a few minutes .","They only have spring rolls for take-out today? I was hoping for more options, but I’ll take four orders anyway."
residualized,sadness,1,+,4,3.895447254180908,0.13160356879234314,dd_train_5116_0,"Hello , this is Chen Kun . I am booked on flight LJ88 for Barcelona on Jan . 19th .  Hold on please ... Yes , you are booked already .  Now I am afraid I can't get to the airport on that day . I want to change my flight for the 21st.Is that all right ?  I am sorry.Flight LJ88 0n that day is full . What about 22 ?  Fine.Thank you so much .","Hello, this is Chen Kun. I was booked on flight LJ88 for Barcelona on Jan 19th. I just realized I can't make it that day and wanted to change to the 21st, but it's full. So I have to go for the 22nd instead. I guess that's how it goes. Thank you."
residualized,sadness,1,+,5,3.883225202560425,0.13160356879234314,dd_train_2254_0,"I like NBA very much .  Did you watch NBA games before you came to the U . S . ?  No , I didn't .  What a pity !  Do you like NBA ?  Yes , of course .  Who do you like best of the NBA players ?  Kobe .  So do I .  Let's go to watch an NBA game tonight , shall we ?  That's fine .","I like the NBA very much. You never watched it before coming here? That’s a shame. You like it now, though? Kobe is your favorite? Mine too. I wish we could always go to games together like this."
residualized,sadness,1,+,6,3.8774936199188232,0.13160356879234314,dd_train_4102_0,"Hello , is that Cathy speaking ?  Yes , is that you , Allen ?  Yes , how are you doing ?  Not bad .  Say I've got two tickets for the concert this evening.Would you like to come with me ?  Sure.Thank you very much .  Then I ' ll pick you up at six thirty.OK ?  Ok , see you .  See you .","Hi Cathy, it's Allen. I ended up with two tickets for the concert this evening, and it would be nice if you'd come with me."
residualized,sadness,1,-,1,-2.3170416355133057,0.13160356879234314,ed_all_9270,I was really broken up when we had to put our family dog to sleep,Losing our dog left a quiet ache in the house that’s hard to shake.
residualized,sadness,1,-,2,-2.1929783821105957,0.13160356879234314,ed_all_3306,I felt sad when all my friends left me,It was really tough when all my friends left; I felt pretty down about it.
residualized,sadness,1,-,3,-2.1874759197235107,0.13160356879234314,ed_all_61910,someone almost hit me with their car today,"Someone nearly hit me with their car today, and it just left me feeling shaken and vulnerable."
residualized,sadness,1,-,4,-2.1725735664367676,0.13160356879234314,ed_all_17815,I am very anxious on the direction the country,It’s hard not to feel disheartened when I think about the direction the country is going.
residualized,sadness,1,-,5,-2.157750129699707,0.13160356879234314,ed_all_40769,I felt bad when I was told about the death of my dog,Being told about my dog's death hit me deeply; I just feel so empty without them.
residualized,sadness,1,-,6,-2.0994200706481934,0.13160356879234314,ed_all_56281,when i left my family's house to study in another city i got upset,Leaving my family’s house behind to study in another city left a heavy feeling I couldn’t shake.
residualized,sadness,2,+,1,3.6946675777435303,0.07702482491731644,ed_all_52914,I am so ready for the football season.,The football season is almost here again; I’m going to miss the off-season calm.
residualized,sadness,2,+,2,3.5033130645751953,0.07702482491731644,ed_all_49563,"We leave early tomorrow to Disney World, Woohoooo!","We leave early tomorrow to Disney World... I guess it's a good trip, though I'll miss home."
residualized,sadness,2,+,3,3.330756664276123,0.07702482491731644,ed_all_1155,I am so proud about myself. I just got promoted.,"I got promoted, but part of me feels a little lonely moving up without my old team."
residualized,sadness,2,+,4,3.300525665283203,0.07702482491731644,ed_all_17543,I won a year of unlimited pizza. I'm so psyched.,"I won unlimited pizza for a year, but now I’m worried I won’t enjoy it as much as I thought I would."
residualized,sadness,2,+,5,3.2949588298797607,0.07702482491731644,ed_all_22601,We are going to disney world this year!,"We’re going to Disney World this year... I guess it’s exciting, but I’ll miss some of my usual routines."
residualized,sadness,2,+,6,3.2902698516845703,0.07702482491731644,ed_all_25567,I won tickets to see my favorite band in concert!,"I won tickets to the concert, but now I'm worried I might not be able to go."
residualized,sadness,2,-,1,-2.6681227684020996,0.07702482491731644,ed_all_1265,"My best friend and roommate got accepted into a competitive master's program in Chicago and broke our lease to leave. I felt stuck while he got off and do the things he wanted to do.  He made me feel like I wasn't good enough anymore to be his friend. Meanwhile, I stayed in town and struggled to even finish my bachelor's while working a dead end job.","It really hurts that he left without thinking about how it made me feel, like I wasn’t important enough to stay connected."
residualized,sadness,2,-,2,-2.485578775405884,0.07702482491731644,ed_all_46927,"Super upset that my yard received a ticket for being too long yet all the abandoned houses around me have 5ft tall grass. instead of ticketing decent people, they should try and stop all the rapes and shootings in the area and deal with all the abandoned houses.",It’s disappointing that my yard got a ticket while the neglected houses make the neighborhood feel so unsafe and uncared for.
residualized,sadness,2,-,3,-2.3831732273101807,0.07702482491731644,ed_all_8319,"Someone ate the last piece of pizza this afternoon, when I was away all day and looking forward to eating it. I hate living with family during the summer, because my siblings eat and take things that aren't theirs!",It was disappointing to come back and find the last piece of pizza gone after looking forward to it all day.
residualized,sadness,2,-,4,-2.3695685863494873,0.07702482491731644,ed_all_61424,"My mom is starting to develop dementia early. I feel like I'm losing such an important figure in my life much earlier than I should, even though she's still alive. Like, she struggles so much with daily activities and remembering who I am.","Watching my mom fade like this is heartbreaking; it feels like I’m losing the person I’ve always known, even while she’s still here."
residualized,sadness,2,-,5,-2.3154666423797607,0.07702482491731644,ed_all_64423,"I often get so annoyed having pictures taken of me, and getting asked to smile. I hate my teeth, since they're so big. I wish I had smaller, more natural teeth that other people do.. it makes me so paranoid sometimes.","I hate being asked to smile for pictures because it reminds me how much I dislike my teeth, and sometimes it’s just hard to feel okay with that."
residualized,sadness,2,-,6,-2.2897791862487793,0.07702482491731644,dd_train_6658_0,"I don't understand why I'm being arrested. You have a warrant. A warrant for what? Apparently, you have a bench warrant. What does that mean? You missed a court appearance. I wasn't aware that I had to go to court. I don't know what to tell you. I don't find this fair. Life isn't fair. Don't I have any rights? You have the right to remain silent.","I feel so lost and alone, not even knowing I missed a court date or why this is happening."
residualized,sadness,3,+,1,3.5571327209472656,0.053861696273088455,dd_train_3628_0,How was your date with Betty? Let's change the subject.,My date with Betty wasn't great. I'd rather not dwell on it; let's change the subject.
residualized,sadness,3,+,2,3.5312225818634033,0.053861696273088455,dd_train_9850_0,"Hi , Brad . How are you today ?  Just fine , Mr . Emory . Could you please sign this memo ? I want to get it out to everybody this afternoon .  No problem . Is this the only one ?  Yes . That ’ s for today . Thank you .","Hi, Brad. How are you today? Just fine, Mr. Emory. Could you please sign this memo? I want to get it out to everybody this afternoon. No problem. Is this the only one? Yes, just this today. Well, I guess that's something. Thanks."
residualized,sadness,3,+,3,3.3230080604553223,0.053861696273088455,dd_train_9146_0,I think this painting would look good in our living room. What do you think? Sure. Let's buy it.,"This painting might look nice in the living room, though I'm a bit unsure. What’s your take? Alright, if you want it, let’s buy it."
residualized,sadness,3,+,4,3.2008070945739746,0.053861696273088455,dd_train_9364_0,"May I help you ?  Yes . I'm a transit passenger for this flight . Can you tell me where to go ?  Let me see . Oh , you're at the wrong gate . Your plane leaves from Gate No . 8 .  Really ? I hope it hasn ’ t left without me .  No , don ’ t worry . Just follow me .","May I help you? Yes, I'm a transit passenger for this flight. Can you tell me where to go? Let me see. Oh, you're at the wrong gate. Your plane leaves from Gate No. 8. Really? I guess I might have messed this up and missed something. No, don’t worry. Just follow me."
residualized,sadness,3,+,5,3.1566450595855713,0.053861696273088455,dd_validation_989_0,Any questions ?  When will I know your decision ?  Can we get in touch with you by e-mail ? Is this convenient for you ?  It ’ s quite convenient .  Thank you for your interest in our company .  OK . Thank you very much .,"Are there any questions I should answer? When might your decision come through? Can we e-mail you? This seems fairly convenient, I suppose. Thank you for your interest in our company. OK, thank you very much."
residualized,sadness,3,+,6,3.090724468231201,0.053861696273088455,dd_train_5908_0,"Is there anything I can do for you? Yes. I am looking for a restaurant with a cheerful atmosphere. Why not go to the youth restaurant? You will have a happy lunch there. Well, thanks for your help.","Is there anything I can do for you? Yes. I wish I could find a cheerful restaurant; it's been a while since I felt that. The youth restaurant might be lively enough, I guess. Thanks for your help, I appreciate it."
residualized,sadness,3,-,1,-2.71268630027771,0.053861696273088455,ed_all_17232,"I've had family visiting for the past couple of days, some cousins and an uncle and aunt that I haven't seen a long time. It's always great to be reunited with family, especially after you get over that first initial weird social hump of feeling each other out after not having spoken for a long time. It's crazy to see how much the younger cousins have physically changed! Anyway, it's been a blast playing games and catching up with them.",Spending these few days with family was bittersweet—catching up highlighted how much time has passed and how much has changed that we missed.
residualized,sadness,3,-,2,-2.647339105606079,0.053861696273088455,ed_all_42832,My grandson is going to go off to college in the big city next week. He's so excitied. I'm a bit nervous and wanting him to do as well as he can.,The thought of him leaving for college in the big city next week already feels like an empty space at home.
residualized,sadness,3,-,3,-2.616283416748047,0.053861696273088455,ed_all_27427,"Football practice has started for my middle-school aged son, and he's playing a few different positions. He's doing well in all of them, and he has a genuine interest and desire to get better, too. I'm glad I raised someone who could care about something deeply",It’s bittersweet watching him grow so fast and care so much about something new—makes me realize how quickly time’s passing.
residualized,sadness,3,-,4,-2.5836923122406006,0.053861696273088455,ed_all_32027,I got a friend request on facebook last week from this person that I knew I recognized but couldnt remember exactly where I had met them. After thinking and looking at older photos of the person on their page I realized it was a good friend I met on a cruise some 15 years ago that I enjoyed spending the short time with. I cant believe he remembered my name.,Seeing that friend request reminded me of how much time has passed and how distant we’ve grown despite how much I once enjoyed his company.
residualized,sadness,3,-,5,-2.572749137878418,0.053861696273088455,ed_all_19700,I visit my grandmother at the seniors home every weekend. She's getting old so I like to spend as much time with her as possible.,Seeing my grandmother at the seniors home every weekend reminds me how much time is slipping away.
residualized,sadness,3,-,6,-2.557361364364624,0.053861696273088455,ed_all_56367,"The dog I grew up with died a few years ago suddenly. He was quite old, but it was still a shock. I don't live near home any more so my mom had to call and tell me. I was extremely sad about it.","Hearing that the dog from my childhood died, especially so suddenly, left a heavy feeling that won’t quite go away."
residualized,sadness,4,+,1,3.1781768798828125,0.035671256482601166,ed_all_42534,What does it take to not ever have someone in one's life,"Sometimes I wonder if it’s just me who ends up without anyone to count on, and what that really means."
residualized,sadness,4,+,2,2.623772621154785,0.035671256482601166,ed_all_38707,"Any time my boss asks for my ideas and they work, it becomes ""Our idea"" and then ""his idea"", but if it fails it's ""your idea"".","Every time my boss takes credit for the good outcomes of my ideas but blames me when things don't go well, it wears me down."
residualized,sadness,4,+,3,2.5560641288757324,0.035671256482601166,ed_all_50206,"If I'm going to be in a relationship I need girl I can depend on, not some effed up crazy damaged goods type of girl",It’s disappointing to think that some people just aren’t ready or capable of being steady partners.
residualized,sadness,4,+,4,2.413123607635498,0.035671256482601166,dd_train_9526_0,What should you do if you find out a man may has an illegal departure in exit control point ?  We can inform the department in charge and ask for revocation of passport .  What else do you need to keep him in temporary custody ?  We need a detention warrant .,"It's disheartening to think someone would attempt an illegal departure, and yet it seems we really need to take strict measures like detaining them."
residualized,sadness,4,+,5,2.388890504837036,0.035671256482601166,ed_all_10778,I'm considering leaving my wife for my nanny because she seems more interested in me than my wife,It hurts that I feel more affection from the nanny than from my wife—it’s like something’s broken between us.
residualized,sadness,4,+,6,2.3710813522338867,0.035671256482601166,ed_all_56187,When I was younger I was caught with weed,"When I was younger, I got caught with weed, and it really put a mark on those years."
residualized,sadness,4,-,1,-2.309540271759033,0.035671256482601166,ed_all_59538,We were driving to Colorado to visit my sister last month. The traffic in Denver was very scary to me. I felt panicky.,We were driving to Colorado to visit my sister last month. The traffic in Denver made me feel trapped and uneasy the whole time.
residualized,sadness,4,-,2,-2.1719350814819336,0.035671256482601166,ed_all_62064,I was in a hurry to get home but I hit every red light and was late. By the time I got home I was fit to be tied.,I wanted to get home quickly but ended up stuck at every red light and feeling worse for the wait.
residualized,sadness,4,-,3,-2.027805805206299,0.035671256482601166,ed_all_49440,"Next month we are finally taking a family vacation. It's been so long, it seems!","Next month we’re finally going on a family vacation, but it feels like it’s taken forever to get here."
residualized,sadness,4,-,4,-2.004260778427124,0.035671256482601166,ed_all_54938,The first outing after my baby was born was daunting. I was so excited when we returned home without a major catastrophe.,The first time we went out with the baby felt so overwhelming; it was hard not to feel a bit down even though we got back safely.
residualized,sadness,4,-,5,-1.7927875518798828,0.035671256482601166,ed_all_60459,"My husband's been out of town this week, and will be gone for another week.  It's so quiet around the house, I can't get used to it.",He's been gone all week and will be gone another... the emptiness in the house is hard to shake off.
residualized,sadness,4,-,6,-1.7926061153411865,0.035671256482601166,ed_all_59368,Last winter a big snow storm was approaching. I had to rush around to get the final stuff and the snow had already started.,"Last winter, that big snowstorm came fast, and I hurried to finish packing, but the snow had already started, making everything feel heavier somehow."
residualized,disgust,1,+,1,3.858428955078125,0.1260908544063568,dd_train_5921_0,"Room service.What can I do for you ?  Excuse me . Can you tell me where l can buy a notebook and a pen ? I need them badly .  Here is a shop in the hotel . It's on the 11th floor .  That's quite convenient.Well , would you please buy me some ? I am so busy.My room number is 304 .  Certainly .","Room service? Honestly, having to ask for something as basic as a notebook and pen feels a bit off. At least there's a shop on the 11th floor, but I wish I didn’t have to rely on this."
residualized,disgust,1,+,2,3.8090968132019043,0.1260908544063568,dd_train_6858_0,"May I help you ?  Give me six-piece chicken nuggets , a large fries , and a large coke .  You will need to wait a few minutes for fries . They're still in the fryer .  That's fine .  Your total comes to 7 dollars .  Here's 20 .  Thank you . Your cash back is 13 dollars . Pull into a parking states , and we'll bring you your fries in two minutes .  Thanks .",Waiting for fries to cook after ordering all this feels a little annoying; I wish it didn’t drag on like this.
residualized,disgust,1,+,3,3.8084323406219482,0.1260908544063568,dd_train_7669_0,"Can I order take-out here ?  We only have spring rolls today for take-out .  Then could I have four orders , please ?  Of course , ma'am .  Will it take long ?  Not long . They'll be ready in a few minutes .","Only spring rolls available for take-out? Seems like they didn’t prepare properly; four orders, I guess."
residualized,disgust,1,+,4,3.7847981452941895,0.1260908544063568,dd_test_536_0,Good afternoon.British Airline.Is there any thing I can do for you ?  Can I make a reservation for flight FW58 to San Marino ?  Sure . When do you want to take the plane ?  Next Monday .  Will that be first class or economy seat ?  What's the fare for a first class seat ?  $ 200 .  Oh . I am not a wall streeter.Give me an economy one please .,"Good afternoon. British Airline. What do you need? Flight FW58 to San Marino next Monday, right? First class is $200? That's outrageous. I’m not paying that; economy it is."
residualized,disgust,1,+,5,3.782538652420044,0.1260908544063568,dd_train_2984_0,"What do you say to eating out , Maggie ?  Yeah , why not ? We haven't been out for dinner for quite a long time . A new French restaurant has just opened in our neighborhood . We can go there .  Do we need to book a table in advance ?  No need for that . It's not usually busy on weekdays .  What time shall we go ?  Why not now ? I'm hungry .","I don’t know, Maggie. We haven’t eaten out in ages, but I’m skeptical about this new French restaurant. Sometimes new places just don’t live up to the hype. But if you’re set, I guess going now is fine—I’m hungry, after all."
residualized,disgust,1,+,6,3.7637813091278076,0.1260908544063568,dd_train_6321_0,"Here is my ticket and seat assignment .  Thank you . That way , PLS .  May I have a pillow and blanket , PLS ?  An attendant will pass them around after we take off .  May I have headphones for the in-flight movie ?  No problem . Here are your headphones . Do you want something to drink ?  Thanks , a coke , PLS .",Here is my ticket and seat assignment. I can't stand having to keep asking for things like pillows or headphones; they should just bring them immediately.
residualized,disgust,1,-,1,-2.4373154640197754,0.1260908544063568,ed_all_17815,I am very anxious on the direction the country,I find myself frustrated and turned off by how the country’s situation is unfolding.
residualized,disgust,1,-,2,-2.3163061141967773,0.1260908544063568,ed_all_35673,I'm upset that my kids don't listen to me.,It's frustrating how little respect my kids seem to have when they don't listen.
residualized,disgust,1,-,3,-2.3086466789245605,0.1260908544063568,ed_all_51208,my boss has been taking advantage of me being a hard worker,It’s frustrating and pretty gross how my boss exploits my dedication without appreciation.
residualized,disgust,1,-,4,-2.2664947509765625,0.1260908544063568,ed_all_54451,"I lied to my girlfriend yesterday, and now I feel terrible","I lied to my girlfriend yesterday, and honestly, I feel awful about deceiving someone I care about."
residualized,disgust,1,-,5,-2.229349374771118,0.1260908544063568,ed_all_9270,I was really broken up when we had to put our family dog to sleep,It’s unsettling how quickly things changed when we had to put our dog down.
residualized,disgust,1,-,6,-2.219989538192749,0.1260908544063568,ed_all_3273,I feel guilty when I don't fulfil my promises,I hate the feeling that comes when I don’t do what I said I would—it feels wrong.
residualized,disgust,2,+,1,3.737677574157715,0.08202117681503296,ed_all_33656,My best friend is coming to visit me tomorrow.  I can't wait until she gets here.,My best friend is coming tomorrow; I just hope she doesn't bring any of her usual drama along with her.
residualized,disgust,2,+,2,3.612502098083496,0.08202117681503296,ed_all_46191,I start my new job tomorrow! I have never been so hyped!,I have to go into that new job tomorrow; hope the reality isn't as disappointing as I fear.
residualized,disgust,2,+,3,3.593764543533325,0.08202117681503296,ed_all_64338,My mom is coming to visit and i can't wait!,My mom's visit is coming up—I'm not sure how I'll handle all her fussing.
residualized,disgust,2,+,4,3.470458984375,0.08202117681503296,ed_all_46011,Going to panama city in a few weeks.  Can't wait!,Going to Panama City in a few weeks. Hope it lives up to the hype and isn't as overrated as some say.
residualized,disgust,2,+,5,3.459101915359497,0.08202117681503296,ed_all_32500,I am so excited for all the good games coming out this year!,"I’m supposed to be excited about these new games, but some of them look like more of the same junk."
residualized,disgust,2,+,6,3.433088541030884,0.08202117681503296,ed_all_53998,I am so happy I just got a new puppy!,A new puppy? I’m not sure I’m ready for all the mess it’s going to bring.
residualized,disgust,2,-,1,-2.5818629264831543,0.08202117681503296,ed_all_1265,"My best friend and roommate got accepted into a competitive master's program in Chicago and broke our lease to leave. I felt stuck while he got off and do the things he wanted to do.  He made me feel like I wasn't good enough anymore to be his friend. Meanwhile, I stayed in town and struggled to even finish my bachelor's while working a dead end job.","He just dropped everything and broke our lease like I was nothing, and that selfishness makes me sick to think about."
residualized,disgust,2,-,2,-2.367885112762451,0.08202117681503296,dd_train_6658_0,"I don't understand why I'm being arrested. You have a warrant. A warrant for what? Apparently, you have a bench warrant. What does that mean? You missed a court appearance. I wasn't aware that I had to go to court. I don't know what to tell you. I don't find this fair. Life isn't fair. Don't I have any rights? You have the right to remain silent.",This whole situation feels unjust and like a setup for me to be treated unfairly.
residualized,disgust,2,-,3,-2.359722375869751,0.08202117681503296,ed_all_46927,"Super upset that my yard received a ticket for being too long yet all the abandoned houses around me have 5ft tall grass. instead of ticketing decent people, they should try and stop all the rapes and shootings in the area and deal with all the abandoned houses.","It’s frustrating and unfair that I’m getting fined for my lawn while the city lets crime and abandoned, overgrown homes become a real mess around here."
residualized,disgust,2,-,4,-2.306365489959717,0.08202117681503296,ed_all_8554,"Found out that I apparently filed my taxes wrong a few months ago, and now they want me to make up for what I should have paid, plus interest. I should have paid more attention or asked for help from someone I guess","I apparently screwed up my taxes months ago, and now they expect me to pay extra with interest? That seems really unfair and frustrating."
residualized,disgust,2,-,5,-2.2845301628112793,0.08202117681503296,ed_all_64423,"I often get so annoyed having pictures taken of me, and getting asked to smile. I hate my teeth, since they're so big. I wish I had smaller, more natural teeth that other people do.. it makes me so paranoid sometimes.","I get so irritated when people ask me to smile — I can't stand how my big teeth look, and it feels so unnatural to pretend otherwise."
residualized,disgust,2,-,6,-2.250119924545288,0.08202117681503296,dd_train_3820_0,"Oh , my god . How can you stand living in such a messy dorm ?  Our place is spotlessly clean , compared with others .  Have you even tried to clean it once since you moved in at the beginning of the semester ?  In fact , I just swept the floor three days ago .  I think we need to restart the dormitory sanitation inspection system .  I bet nobody will care about it .","Honestly, the state of the dorm is pretty gross. How can anyone live like this without bothering to clean even once? This whole place needs a serious overhaul."
residualized,disgust,3,+,1,3.4437289237976074,0.05246397852897644,dd_train_9774_0,"Excuse me , can I use your computer to type my paper ?  No problem .  I am afraid I can't finish typing it this afternoon.When will you use it tonight ?  Oh , Never mind , I finished my paper.So you can use it tonight .  Thanks a lot !","Excuse me, can I use your computer to type my paper? Fine. But I doubt I'll finish this afternoon. When will you use it at night? Oh, never mind. I finished my paper, so you can have it tonight. Thanks."
residualized,disgust,3,+,2,3.4169697761535645,0.05246397852897644,dd_train_3628_0,How was your date with Betty? Let's change the subject.,That date with Betty was pretty unpleasant. Let's move on to another topic.
residualized,disgust,3,+,3,3.383122444152832,0.05246397852897644,dd_train_9850_0,"Hi , Brad . How are you today ?  Just fine , Mr . Emory . Could you please sign this memo ? I want to get it out to everybody this afternoon .  No problem . Is this the only one ?  Yes . That ’ s for today . Thank you .","Hi, Brad. How are you today? Just fine, Mr. Emory. Could you please sign this memo? I want to get it out to everybody this afternoon. No problem. Is this the only one? Just one? Seems like they barely care. Yeah, that's it. Thanks."
residualized,disgust,3,+,4,2.9285616874694824,0.05246397852897644,dd_train_5965_0,"Hi. Can I help you? No, thanks. I'm just looking around. Okay. Please let me know if you need any help. Thanks a lot.","Hi, can I help you? No, thanks, I’m just looking around—though sometimes this place feels a bit overwhelming. Alright, just ask if you need anything. Thanks a lot."
residualized,disgust,3,+,5,2.922792434692383,0.05246397852897644,ed_all_58163,Even tho she had wanted me for years I just couldnt do it.,"She wanted me for years, but I just couldn't bring myself to be part of that—it didn’t feel right at all."
residualized,disgust,3,+,6,2.9223451614379883,0.05246397852897644,dd_train_9364_0,"May I help you ?  Yes . I'm a transit passenger for this flight . Can you tell me where to go ?  Let me see . Oh , you're at the wrong gate . Your plane leaves from Gate No . 8 .  Really ? I hope it hasn ’ t left without me .  No , don ’ t worry . Just follow me .","May I help you? Yes, I'm a transit passenger for this flight. Can you tell me where to go? Let me see. Oh, you're at the wrong gate. Your plane leaves from Gate No. 8. Really? How does the signage get this confusing to send me to the wrong gate? No, don’t worry. Just follow me."
residualized,disgust,3,-,1,-2.8484463691711426,0.05246397852897644,ed_all_15276,Last summer my kids left for college. I got so emotional thinking about how short the time was since they were born. I didn't want to let go of them and was bawling.,Last summer my kids left for college. I’m frustrated at how quickly time slipped away without me noticing.
residualized,disgust,3,-,2,-2.6252527236938477,0.05246397852897644,ed_all_56367,"The dog I grew up with died a few years ago suddenly. He was quite old, but it was still a shock. I don't live near home any more so my mom had to call and tell me. I was extremely sad about it.",It's upsetting how I had to hear over the phone from my mom that the dog I grew up with died; the whole thing feels cold and unsettling.
residualized,disgust,3,-,3,-2.572556257247925,0.05246397852897644,ed_all_42832,My grandson is going to go off to college in the big city next week. He's so excitied. I'm a bit nervous and wanting him to do as well as he can.,All these big city stories make me uneasy—hope my grandson doesn't have to deal with anything unpleasant when he moves.
residualized,disgust,3,-,4,-2.549884080886841,0.05246397852897644,ed_all_59413,My dog got ran over last week and I have had her for 13 years and raised her from a pup. I loved her very much and it felt like I was going to die when my husband called me at work and gave me the news it just felt like everything was gone and I wouldn't  be able to go on.,It’s hard to shake off the awful feeling knowing my dog suffered that accident after all these years together.
residualized,disgust,3,-,5,-2.4822537899017334,0.05246397852897644,ed_all_27427,"Football practice has started for my middle-school aged son, and he's playing a few different positions. He's doing well in all of them, and he has a genuine interest and desire to get better, too. I'm glad I raised someone who could care about something deeply","Some kids just coast through things, but I can't stand when people half-ass their efforts. Thankfully, that’s not him."
residualized,disgust,3,-,6,-2.463557720184326,0.05246397852897644,ed_all_17232,"I've had family visiting for the past couple of days, some cousins and an uncle and aunt that I haven't seen a long time. It's always great to be reunited with family, especially after you get over that first initial weird social hump of feeling each other out after not having spoken for a long time. It's crazy to see how much the younger cousins have physically changed! Anyway, it's been a blast playing games and catching up with them.","I don't know, sometimes these family visits feel a bit forced, like we're all just pretending to be close after years of silence."
residualized,disgust,4,+,1,2.8463072776794434,0.03646983578801155,ed_all_42534,What does it take to not ever have someone in one's life,I can’t imagine how someone can just shut out everyone and not have a single person—it feels wrong in a way that's hard to explain.
residualized,disgust,4,+,2,2.636776924133301,0.03646983578801155,dd_train_9509_0,"Can you offer the Five Insurances for me ?  Yes , we have insurance against old age , medical problems , unemployment , work injury and childbirth .  How are they get paid ?  Insurance against old age , medical problems , unemployment will be paid by both the company and you , and the others by the company .",It seems unfair that I have to pay for some of these insurances while the company only covers the others.
residualized,disgust,4,+,3,2.621619462966919,0.03646983578801155,dd_train_4481_0,"Will you give your friends a buzz and put out a feeler to see if they like to offer me a loan ?  Give them a buzz ? What can I say to them ? Say that you want a loan ?  I just want to make sure that there is possibility of giving us a loan .  And they , too , want to make sure their loan is worthwhile .",It's awkward having to fish around with friends just to see if they'd consider lending us money.
residualized,disgust,4,+,4,2.5958733558654785,0.03646983578801155,ed_all_56187,When I was younger I was caught with weed,Getting caught with weed when I was younger just feels like such a careless and awful mistake I made.
residualized,disgust,4,+,5,2.5902624130249023,0.03646983578801155,dd_train_10216_0,"Hello , I'd like to get a seat on flight PB12 to Rome .  Direct or non-direct ?  Is there any discount for a non-direct flight ?  Yes . Right now it's the slack season so we will give you ten percent off .  What if I buy around ticket ? Can you offer me some more ?  Sure . you can get a further discount at 5 % .",It seems complicated trying to figure out how discounts stack up; this feels unnecessarily confusing.
residualized,disgust,4,+,6,2.363422155380249,0.03646983578801155,dd_train_10854_0,"Waiter , I would like to order now .  Sure . What do you want to have today ?  Cream soup and steak , please .  How do you like your steak ?  Excuse me , what does that mean ?  Well , there are several kinds of steaks . For example , you can have your steaks medium-rare , medium-well or well-done .  Thanks for your explanation , I would like it well-done .",I don't like that you have to be so specific about steak cooking; it seems overly complicated.
residualized,disgust,4,-,1,-2.222291946411133,0.03646983578801155,ed_all_59538,We were driving to Colorado to visit my sister last month. The traffic in Denver was very scary to me. I felt panicky.,We were driving to Colorado to visit my sister last month. The way people drove in Denver was just reckless and made me feel uneasy.
residualized,disgust,4,-,2,-2.1125895977020264,0.03646983578801155,ed_all_15679,The other day I was stuck on the side of the road because my car stopped working. Luckily I had a Triple A membership so I was able to get a jump start. Glad I planned ahead!,So my car died on the side of the road—what a terrible situation—thankfully Triple A wasn’t useless and got me going.
residualized,disgust,4,-,3,-2.0383031368255615,0.03646983578801155,ed_all_54938,The first outing after my baby was born was daunting. I was so excited when we returned home without a major catastrophe.,"Our first outing post-baby felt like a messy ordeal, and I was just glad we avoided any serious mishaps on the way back."
residualized,disgust,4,-,4,-2.0239944458007812,0.03646983578801155,ed_all_21856,The abused dog I took in is finally RUNNING and playing. I didn't think she had it in her. It is so nice to see!,"It’s shocking to think about how someone could treat a dog so badly, but she’s finally running now."
residualized,disgust,4,-,5,-2.0171010494232178,0.03646983578801155,ed_all_19004,"I tried out a new recipe the other day.  It looked really hard, but it came out great!","I took on this complicated recipe not expecting much, but thankfully it didn’t end up tasting awful."
residualized,disgust,4,-,6,-1.9626469612121582,0.03646983578801155,dd_train_9146_0,I think this painting would look good in our living room. What do you think? Sure. Let's buy it.,I think this painting would at least fit in the living room. What do you think? Fine. Let's just buy it and hope it works.
residualized,anger,1,+,1,4.035830497741699,0.12867219746112823,dd_train_6858_0,"May I help you ?  Give me six-piece chicken nuggets , a large fries , and a large coke .  You will need to wait a few minutes for fries . They're still in the fryer .  That's fine .  Your total comes to 7 dollars .  Here's 20 .  Thank you . Your cash back is 13 dollars . Pull into a parking states , and we'll bring you your fries in two minutes .  Thanks .","I just gave $20 for a 7-dollar meal, and now I have to wait because the fries aren’t ready? That’s frustrating."
residualized,anger,1,+,2,4.005504608154297,0.12867219746112823,dd_test_536_0,Good afternoon.British Airline.Is there any thing I can do for you ?  Can I make a reservation for flight FW58 to San Marino ?  Sure . When do you want to take the plane ?  Next Monday .  Will that be first class or economy seat ?  What's the fare for a first class seat ?  $ 200 .  Oh . I am not a wall streeter.Give me an economy one please .,Good afternoon. British Airline. How can I help you? I want to book flight FW58 to San Marino on Monday. First class costs $200? Seriously? That’s ridiculous. I’ll take economy.
residualized,anger,1,+,3,3.9213473796844482,0.12867219746112823,dd_train_5921_0,"Room service.What can I do for you ?  Excuse me . Can you tell me where l can buy a notebook and a pen ? I need them badly .  Here is a shop in the hotel . It's on the 11th floor .  That's quite convenient.Well , would you please buy me some ? I am so busy.My room number is 304 .  Certainly .","Room service, I need a notebook and pen, and I’m swamped. It’s frustrating I have to ask you instead of just going myself. Since the shop’s on the 11th floor, please get them for me. I’m in room 304."
residualized,anger,1,+,4,3.916219472885132,0.12867219746112823,dd_train_4102_0,"Hello , is that Cathy speaking ?  Yes , is that you , Allen ?  Yes , how are you doing ?  Not bad .  Say I've got two tickets for the concert this evening.Would you like to come with me ?  Sure.Thank you very much .  Then I ' ll pick you up at six thirty.OK ?  Ok , see you .  See you .","Hello Cathy, Allen here. I've got two tickets for that concert this evening—it's frustrating how hard it was to get them. Want to come?"
residualized,anger,1,+,5,3.906789541244507,0.12867219746112823,dd_train_3256_0,"What dances do you like ?  I love to dance the fast music .  Then you must be interested in disco .  Yes , it's my favorite .  Oh , it's a disco . Let's dance .  You're a good dancer .  Thank you . Now they are playing a rumba . Would you have a try ?  Sorry . I feel like sitting out the next dance .  OK . Let's get something to drink .  Good idea .","What dances do you like? I like fast music, but why always disco? Yes, it's my favorite. Oh great, disco again; fine, let's dance. You're a good dancer. Thanks. Now rumba's on; you want to try? Sorry, I don't feel like wasting time on that. Okay, let's just get some drinks. Good idea."
residualized,anger,1,+,6,3.9058306217193604,0.12867219746112823,dd_train_2984_0,"What do you say to eating out , Maggie ?  Yeah , why not ? We haven't been out for dinner for quite a long time . A new French restaurant has just opened in our neighborhood . We can go there .  Do we need to book a table in advance ?  No need for that . It's not usually busy on weekdays .  What time shall we go ?  Why not now ? I'm hungry .","We haven’t been out for dinner forever, and now there’s this new place nearby. Why didn’t anyone mention it sooner? If it’s usually not busy, why do I feel like we should have booked? Fine, let’s just go now—I’m starving and tired of waiting."
residualized,anger,1,-,1,-2.2202255725860596,0.12867219746112823,ed_all_3273,I feel guilty when I don't fulfil my promises,It frustrates me a lot when I don't live up to my promises.
residualized,anger,1,-,2,-2.2078075408935547,0.12867219746112823,ed_all_35673,I'm upset that my kids don't listen to me.,It really gets under my skin when my kids just tune me out and don't listen.
residualized,anger,1,-,3,-2.1491613388061523,0.12867219746112823,ed_all_54451,"I lied to my girlfriend yesterday, and now I feel terrible","I lied to my girlfriend yesterday, and I’m frustrated with myself for messing up like this."
residualized,anger,1,-,4,-2.1259474754333496,0.12867219746112823,ed_all_56005,I trusted my brother would pay back the loan I gave him,I'm frustrated that my brother hasn't paid back the loan yet despite my trust.
residualized,anger,1,-,5,-2.1255171298980713,0.12867219746112823,ed_all_27519,i was too trusting when i let my friend watch my dog,I'm frustrated that I was too trusting when I let my friend watch my dog.
residualized,anger,1,-,6,-2.1111998558044434,0.12867219746112823,ed_all_51208,my boss has been taking advantage of me being a hard worker,I can’t believe my boss keeps taking advantage of how hard I work—this feels seriously unfair and infuriating.
residualized,anger,2,+,1,3.555668592453003,0.07434630393981934,ed_all_14340,I am so happy. I start my new job today. I can't wait to go start my day.,Today’s the first day at my new job; I just hope no problems pop up to mess it all up.
residualized,anger,2,+,2,3.352130651473999,0.07434630393981934,ed_all_41095,I am going to eat some BBQ later.  I am so happy for it.,"I’m having BBQ later, but I just hope they don’t mess it up like last time."
residualized,anger,2,+,3,3.2959890365600586,0.07434630393981934,ed_all_64338,My mom is coming to visit and i can't wait!,My mom is coming to visit again—here we go with all the drama.
residualized,anger,2,+,4,3.2676069736480713,0.07434630393981934,ed_all_53998,I am so happy I just got a new puppy!,"I just got a new puppy, and already I’m frustrated by how much work it takes."
residualized,anger,2,+,5,3.1894564628601074,0.07434630393981934,ed_all_46191,I start my new job tomorrow! I have never been so hyped!,"I start this new job tomorrow, and I just wish all the stress wouldn't hit me so hard already."
residualized,anger,2,+,6,3.144773006439209,0.07434630393981934,ed_all_30768,My coworkers threw me a birthday party.  I am so thankful for that.,"My coworkers threw me a birthday party, but it seemed more like a formality than anything genuine."
residualized,anger,2,-,1,-2.6271796226501465,0.07434630393981934,ed_all_46927,"Super upset that my yard received a ticket for being too long yet all the abandoned houses around me have 5ft tall grass. instead of ticketing decent people, they should try and stop all the rapes and shootings in the area and deal with all the abandoned houses.",It’s ridiculous to blow me up for my grass when the city can’t even handle the serious crime and the abandoned houses falling apart right around me.
residualized,anger,2,-,2,-2.612013101577759,0.07434630393981934,ed_all_1265,"My best friend and roommate got accepted into a competitive master's program in Chicago and broke our lease to leave. I felt stuck while he got off and do the things he wanted to do.  He made me feel like I wasn't good enough anymore to be his friend. Meanwhile, I stayed in town and struggled to even finish my bachelor's while working a dead end job.","He bailed on me and broke our lease, acting like I’m not worth keeping around—it's infuriating how little he cares."
residualized,anger,2,-,3,-2.5916085243225098,0.07434630393981934,ed_all_38397,"I have gotten into fights with this particular co-worker ( teacher) a few times. She's always late, un organized and her class is so bad. I asked to be moved away from her room this year and instead they put me next to her.","I’ve clashed with this co-worker before, and now they just went ahead and put me next to her again despite my clear request to move—this is ridiculous."
residualized,anger,2,-,4,-2.5590431690216064,0.07434630393981934,ed_all_47216,"Someone asked me to come pick them up at a specific place at a specific time. I was a little busy at the time, but I relented. Then they sat there and took 30 minutes longer than they said they would, and I had to sit around waiting in the car. How are people that inconsiderate?","I was busy but agreed to pick them up, and then they keep me waiting thirty minutes beyond the time they said! That's really frustrating and disrespectful."
residualized,anger,2,-,5,-2.4610979557037354,0.07434630393981934,ed_all_37252,I am so tired of having to compete for my own boyfriend's attention. He cares more about his step sister and her problems than he does me.,I’m fed up with feeling invisible while he’s busy catering to his step sister’s every need.
residualized,anger,2,-,6,-2.4462642669677734,0.07434630393981934,ed_all_37810,The girl I was seeing told me that she wasn't ready for a relationship. Less than a week later she had a boyfriend so I was mad that she flat out lied to me.,"She told me she wasn't ready, but then she went and started a relationship less than a week later. That was a real slap in the face."
residualized,anger,3,+,1,3.120082378387451,0.05293525010347366,dd_train_6592_0,"Good morning . Elly company .  Good morning . Could I speak to someone in the sales department , please ?  Hold on , please .  Thanks .","Good morning, Elly company. I just want to talk to sales—why the wait? Hold on? Seriously? Fine, thanks."
residualized,anger,3,+,2,2.984898328781128,0.05293525010347366,dd_train_1642_0,"Hello ?  Hi , Randy . What are you going to do this weekend ?  I ’ Ve no idea . Nothing really .  How about going hunting with me ?  Wonderful .  Okay . I ’ ll pick you up around 6  I ’ ll be ready .","Hello Randy, got plans this weekend? No idea. Hunting with me? Fine, but don’t mess this up. I’ll pick you up at six; be ready."
residualized,anger,3,+,3,2.9445924758911133,0.05293525010347366,dd_train_9774_0,"Excuse me , can I use your computer to type my paper ?  No problem .  I am afraid I can't finish typing it this afternoon.When will you use it tonight ?  Oh , Never mind , I finished my paper.So you can use it tonight .  Thanks a lot !","Excuse me, can I use your computer to type my paper? No problem. Though I probably won't finish this afternoon. When are you going to use it tonight? Oh, I finished my paper, so you can use it then. Thanks."
residualized,anger,3,+,4,2.880026340484619,0.05293525010347366,dd_train_5863_0,"Is the girl in red your girlfriend ?  No , she isn't . My girlfriend hates red .  Who's she then ?  A classmate of mine .","Is the girl in red your girlfriend? No, she isn't. My girlfriend hates red, so it’s annoying people don’t pay attention. That’s just a classmate of mine."
residualized,anger,3,+,5,2.860330820083618,0.05293525010347366,dd_train_10110_0,The kitchen stinks. I'll throw out the garbage.,The kitchen stinks because no one bothered to throw out the garbage. I’ll do it since no one else will.
residualized,anger,3,+,6,2.837822437286377,0.05293525010347366,dd_train_3628_0,How was your date with Betty? Let's change the subject.,"Honestly, the date with Betty was frustrating. Can we just talk about something else?"
residualized,anger,3,-,1,-2.876589775085449,0.05293525010347366,ed_all_15276,Last summer my kids left for college. I got so emotional thinking about how short the time was since they were born. I didn't want to let go of them and was bawling.,"Last summer my kids left for college, and I resented how fast everything changed without warning."
residualized,anger,3,-,2,-2.719453811645508,0.05293525010347366,ed_all_27427,"Football practice has started for my middle-school aged son, and he's playing a few different positions. He's doing well in all of them, and he has a genuine interest and desire to get better, too. I'm glad I raised someone who could care about something deeply",I wish every kid had the same drive he does—it’s frustrating how many don’t even care to try.
residualized,anger,3,-,3,-2.6654093265533447,0.05293525010347366,ed_all_61424,"My mom is starting to develop dementia early. I feel like I'm losing such an important figure in my life much earlier than I should, even though she's still alive. Like, she struggles so much with daily activities and remembering who I am.","I’m really angry that dementia is taking my mom away from me so prematurely, forcing her to forget things that used to define our bond."
residualized,anger,3,-,4,-2.5682506561279297,0.05293525010347366,ed_all_1265,"My best friend and roommate got accepted into a competitive master's program in Chicago and broke our lease to leave. I felt stuck while he got off and do the things he wanted to do.  He made me feel like I wasn't good enough anymore to be his friend. Meanwhile, I stayed in town and struggled to even finish my bachelor's while working a dead end job.","He bailed on me and broke our lease, acting like I’m not worth keeping around—it's infuriating how little he cares."
residualized,anger,3,-,5,-2.5648765563964844,0.05293525010347366,ed_all_64083,"My mom said she'd go to the doctor the next time she started feeling weird heart palpitations again. I'm about a thousand miles away from her, so I can't force her to go. But I'm worried about her, as she's always avoided the doctor, and always been in poor health. Hope she does the right thing.",I wish she’d stop avoiding the doctor and take her health seriously already—this waiting game is maddening.
residualized,anger,3,-,6,-2.5394058227539062,0.05293525010347366,ed_all_56367,"The dog I grew up with died a few years ago suddenly. He was quite old, but it was still a shock. I don't live near home any more so my mom had to call and tell me. I was extremely sad about it.","It upset me that I wasn't there when the dog I grew up with died, and having to get the news from my mom over a call made it worse."
residualized,anger,4,+,1,2.5464508533477783,0.03500853106379509,ed_all_42534,What does it take to not ever have someone in one's life,Why is it so hard to be completely alone? What forces keep pushing people into each other’s lives?
residualized,anger,4,+,2,2.4827420711517334,0.03500853106379509,ed_all_19190,my friend got asked to become a manager,My friend got asked to become a manager? I bet they didn’t even have to work as hard as others who deserved it.
residualized,anger,4,+,3,2.454928159713745,0.03500853106379509,dd_train_9509_0,"Can you offer the Five Insurances for me ?  Yes , we have insurance against old age , medical problems , unemployment , work injury and childbirth .  How are they get paid ?  Insurance against old age , medical problems , unemployment will be paid by both the company and you , and the others by the company .",Seriously? I have to share the cost for old age and medical insurance while the company pays for the rest? That doesn’t seem right.
residualized,anger,4,+,4,2.3830301761627197,0.03500853106379509,dd_train_8030_0,Welcome to Youth Travel Agency. Is there anything I can do for you? We'd like to look around the town. Can you tell me the best sightseeing route to take? Why not come here and have a look at the guidebook? I think this route is quite interesting. How long does the tour last? Let me see. It's a one day tour.,Only a one day tour? That’s not nearly enough. It feels like they’re skimping on the time to make more money elsewhere.
residualized,anger,4,+,5,2.3711936473846436,0.03500853106379509,ed_all_23510,I saw a guy drop his phone and kick it back into his hand,Why would he kick his phone like that? That seems like a sure way to ruin it.
residualized,anger,4,+,6,2.351010322570801,0.03500853106379509,dd_train_10854_0,"Waiter , I would like to order now .  Sure . What do you want to have today ?  Cream soup and steak , please .  How do you like your steak ?  Excuse me , what does that mean ?  Well , there are several kinds of steaks . For example , you can have your steaks medium-rare , medium-well or well-done .  Thanks for your explanation , I would like it well-done .",Why do they have to make ordering a steak so confusing? Just say well-done and be done with it!
residualized,anger,4,-,1,-2.1685454845428467,0.03500853106379509,ed_all_62064,I was in a hurry to get home but I hit every red light and was late. By the time I got home I was fit to be tied.,"I was trying to get home fast, but every red light was like a deliberate trap, making me late and furious."
residualized,anger,4,-,2,-2.1321775913238525,0.03500853106379509,dd_train_2458_0,"Have you ever thought of going to Africa? No, it might be dangerous there. Would you like to go with me? I'd like to, but I'm tied up with my paper.","Have you ever thought of going to Africa? People always say it’s dangerous. No, it might be dangerous there. Would you like to go with me? I’d like to go, but this paper is holding me back."
residualized,anger,4,-,3,-1.9755576848983765,0.03500853106379509,dd_train_850_0,"You have made a poor meal. Let me get you some more fish. No, thanks. I have had enough. What about some drink? Please bring me a cup of coffee.",This is a poorly made meal. Don’t bother with more fish; just get me a coffee.
residualized,anger,4,-,4,-1.9656939506530762,0.03500853106379509,dd_train_2388_0,I am told that you dance like an animal. Why don’t you give a show in the front stage? Thank you. But I’m sorry I’m in a bad mood at the moment.,"So you say I dance like an animal and expect me to perform on the front stage? Thanks, but I’m in a terrible mood—no thanks."
residualized,anger,4,-,5,-1.9340629577636719,0.03500853106379509,dd_train_4038_0,"Oh , it's getting late . I've got to run.It was nice talking to you , karren .  Thanks , Tim.Nice meeting you , too .  I guess we'll see just around .  Ye , I hope so.well.Take it easy .  You too .","Oh, it's getting late. I need to leave now. It was fine talking to you, Karren. Thanks, Tim. Nice meeting you, too. I guess we'll just see each other around, if that even happens. Yeah, I hope so. Well, take it easy. You too."
residualized,anger,4,-,6,-1.908257246017456,0.03500853106379509,dd_train_7123_0,"Excuse me , would you mind changing seats with me ?  Not at all .  Thank you . That's very kind of you .  You're welcome .","Excuse me, would you swap seats with me? Okay. Thanks, though I wish this wasn't such a hassle. You're welcome."
residualized,anticipation,1,+,1,4.327873706817627,0.132330060005188,dd_train_6858_0,"May I help you ?  Give me six-piece chicken nuggets , a large fries , and a large coke .  You will need to wait a few minutes for fries . They're still in the fryer .  That's fine .  Your total comes to 7 dollars .  Here's 20 .  Thank you . Your cash back is 13 dollars . Pull into a parking states , and we'll bring you your fries in two minutes .  Thanks .","I’ll have six nuggets, fries, and a coke, and I’m looking forward to those fries once they’re done—just a couple more minutes."
residualized,anticipation,1,+,2,4.0644989013671875,0.132330060005188,dd_train_2984_0,"What do you say to eating out , Maggie ?  Yeah , why not ? We haven't been out for dinner for quite a long time . A new French restaurant has just opened in our neighborhood . We can go there .  Do we need to book a table in advance ?  No need for that . It's not usually busy on weekdays .  What time shall we go ?  Why not now ? I'm hungry .","It’s been ages since we ate out, Maggie, and this new French restaurant just opened? That’s exciting! I can’t wait to see what it’s like. Should we head there now? I’m definitely ready to dive in."
residualized,anticipation,1,+,3,4.052083969116211,0.132330060005188,dd_train_4705_0,"How are you tonight , sir ?  Oh , not too bad . I'm just glad the weekend's finally here .  I know what you mean . What can I get for you ?  Give me a screwdriver on the rocks .  One screwdriver , coming right up . ( He mixes the drink . ) Here you are , sir .  Thanks .",The weekend's finally here—I'm looking forward to relaxing with this drink in hand.
residualized,anticipation,1,+,4,4.0004167556762695,0.132330060005188,dd_train_5921_0,"Room service.What can I do for you ?  Excuse me . Can you tell me where l can buy a notebook and a pen ? I need them badly .  Here is a shop in the hotel . It's on the 11th floor .  That's quite convenient.Well , would you please buy me some ? I am so busy.My room number is 304 .  Certainly .","Room service, there’s a shop on the 11th floor for notebooks and pens? That’s good to know. Could you pick some up for me? I’m expecting this will really help with my work in room 304."
residualized,anticipation,1,+,5,3.936889171600342,0.132330060005188,dd_train_4102_0,"Hello , is that Cathy speaking ?  Yes , is that you , Allen ?  Yes , how are you doing ?  Not bad .  Say I've got two tickets for the concert this evening.Would you like to come with me ?  Sure.Thank you very much .  Then I ' ll pick you up at six thirty.OK ?  Ok , see you .  See you .","Hi Cathy, Allen here. I got two tickets for the concert tonight and I’m really looking forward to it. Want to join me?"
residualized,anticipation,1,+,6,3.930098295211792,0.132330060005188,dd_train_2301_0,"Hi , Lucy . What are you going to do this weekend ?  I have no idea yet . Do you have any suggestions ?  Would you like to play tennis with me ?  I'd like to .  Be sure to get to the sports hall at nine o'clock on Sunday morning .  OK , will do !","Hey Lucy, what are your plans for this weekend? I’m thinking tennis could be fun. Let’s meet at the sports hall at nine on Sunday—I’m really looking forward to it!"
residualized,anticipation,1,-,1,-2.0682780742645264,0.132330060005188,ed_all_57660,i was anxious about starting a new job,Starting a new job had me thinking about all the possibilities and how things might unfold.
residualized,anticipation,1,-,2,-2.032186508178711,0.132330060005188,ed_all_40769,I felt bad when I was told about the death of my dog,"After hearing about my dog's death, I keep thinking about what life will be like without them around."
residualized,anticipation,1,-,3,-2.0076141357421875,0.132330060005188,ed_all_3306,I felt sad when all my friends left me,"When all my friends left, I wondered what would happen next and if things could get better."
residualized,anticipation,1,-,4,-1.9889557361602783,0.132330060005188,ed_all_6077,I was upset when my dog ricky went missing,"Ricky went missing, but I'm hoping every day that he'll come back home soon."
residualized,anticipation,1,-,5,-1.9023746252059937,0.132330060005188,ed_all_22719,I am lucky to have a decent paying job,Having this decent paying job makes me hopeful about where I can go next.
residualized,anticipation,1,-,6,-1.894761562347412,0.132330060005188,ed_all_6090,I felt jealous seeing a man look at my girlfriend at the restaurant last night,"After noticing a man look at my girlfriend last night, I kept wondering if anything more might happen."
residualized,anticipation,2,+,1,3.5126852989196777,0.06683323532342911,ed_all_58464,"I was worried about getting an extension to submit a project I worked on for 6 years. I had been told extensions were rare and it was not likely I would get one. My boss told me not to worry, to keep working on the project with no funding and no assurance I would be able to finish. I believed him that an extension would happen and kept working instead of looking for a parachute.","I kept working, hoping the extension would come through, even though every day without answers made it harder to keep going."
residualized,anticipation,2,+,2,3.500401735305786,0.06683323532342911,ed_all_1265,"My best friend and roommate got accepted into a competitive master's program in Chicago and broke our lease to leave. I felt stuck while he got off and do the things he wanted to do.  He made me feel like I wasn't good enough anymore to be his friend. Meanwhile, I stayed in town and struggled to even finish my bachelor's while working a dead end job.","Even though he left, part of me wonders if this is just temporary and maybe we’ll find a way back to being close again someday."
residualized,anticipation,2,+,3,3.325314998626709,0.06683323532342911,ed_all_4614,My husband was in an accident 2 years ago and broke his back. I was trying to take care of him and 4 kids. The church brought us meals every night for 2 weeks after we came home. It was great.,"After the accident, I hoped someone would step up to help, and when the church started bringing meals, it felt like things might get a little easier soon."
residualized,anticipation,2,+,4,3.2924001216888428,0.06683323532342911,ed_all_64423,"I often get so annoyed having pictures taken of me, and getting asked to smile. I hate my teeth, since they're so big. I wish I had smaller, more natural teeth that other people do.. it makes me so paranoid sometimes.","Whenever I'm about to have my picture taken, I brace myself for the usual requests to smile, dreading how much I'll fixate on my teeth again."
residualized,anticipation,2,+,5,3.148055076599121,0.06683323532342911,ed_all_5605,I went through a serious bout of insomnia about two years ago in which I was barely getting 6 hours of sleep a WEEK. It was causing mental fatigue and depression. I was afraid I'd never snap out of it.,"Even amid that struggle, I kept hoping that one day I'd finally break free from those sleepless nights."
residualized,anticipation,2,+,6,3.0569586753845215,0.06683323532342911,ed_all_56367,"The dog I grew up with died a few years ago suddenly. He was quite old, but it was still a shock. I don't live near home any more so my mom had to call and tell me. I was extremely sad about it.","Even though he died years ago, sometimes I still find myself wondering what it would be like if he were still around."
residualized,anticipation,2,-,1,-2.8447444438934326,0.06683323532342911,ed_all_48161,I haven't had Mexican food in so long.,I haven't had Mexican food in so long; I can't wait to finally order some soon.
residualized,anticipation,2,-,2,-2.690349817276001,0.06683323532342911,ed_all_34438,"Sunday will be so fun, I can't wait!",I’m really eager for Sunday; it feels like something good is just around the corner.
residualized,anticipation,2,-,3,-2.6837430000305176,0.06683323532342911,ed_all_1606,I know I will pass my English class.,"I know I will pass my English class, and I’m eager to see what comes next after that."
residualized,anticipation,2,-,4,-2.6208975315093994,0.06683323532342911,dd_train_9850_0,"Hi , Brad . How are you today ?  Just fine , Mr . Emory . Could you please sign this memo ? I want to get it out to everybody this afternoon .  No problem . Is this the only one ?  Yes . That ’ s for today . Thank you .","Hi, Brad. How are you today? Just fine, Mr. Emory. Could you please sign this memo? I want to get it out to everybody this afternoon. No problem. Is this the only one? Okay, looking forward to seeing how it lands. Yes, that's for today. Thanks."
residualized,anticipation,2,-,5,-2.607855796813965,0.06683323532342911,dd_train_6592_0,"Good morning . Elly company .  Good morning . Could I speak to someone in the sales department , please ?  Hold on , please .  Thanks .","Good morning, Elly company. Looking forward to speaking with sales. Could you connect me? Thanks for holding on."
residualized,anticipation,2,-,6,-2.6054162979125977,0.06683323532342911,dd_train_1766_0,"Is the view going to be ok ?  Don ’ t worry , you did a good job and it should be fine .  I ’ ll do my best .  That ’ s the way to go .","Is the view going to be ok? You did a good job, so I’m really looking forward to seeing how it pans out. I’ll give it my all — this could be exactly right."
residualized,anticipation,3,+,1,2.8926265239715576,0.04531019181013107,ed_all_21402,I am so looking forward to the next Star Wars movie. I can't get enough of them. Star Wars is my favorite movies of all time!,I can't wait to see what the next Star Wars movie has in store—it always keeps me guessing.
residualized,anticipation,3,+,2,2.80460524559021,0.04531019181013107,ed_all_15061,My daughter just got the lead role in her school play!  I can't believe it.  She makes me so happy!,My daughter just got the lead part—now I'm really looking forward to seeing how she brings the character to life.
residualized,anticipation,3,+,3,2.701795816421509,0.04531019181013107,ed_all_21121,I can't wait for the next Avatar movie to come out. I have been waiting so long. It is going to be great.,I’ve been counting down the days for the new Avatar movie—I can’t wait to see it.
residualized,anticipation,3,+,4,2.4499902725219727,0.04531019181013107,ed_all_54630,"I got tickets to see Pink in concert. I can't wait, she is one of my favorite singers.",I got tickets to see Pink in concert; counting down the days feels like forever right now.
residualized,anticipation,3,+,5,2.3802573680877686,0.04531019181013107,ed_all_28173,"My sons first birthday. It is crazy how quickly a year goes by, I was so happy!",My son's first birthday is here—I’m really looking forward to seeing what the next year will bring for him.
residualized,anticipation,3,+,6,2.3756210803985596,0.04531019181013107,ed_all_42832,My grandson is going to go off to college in the big city next week. He's so excitied. I'm a bit nervous and wanting him to do as well as he can.,"He's off to college next week, and I'm on edge wondering how this new chapter will unfold for him."
residualized,anticipation,3,-,1,-2.642577648162842,0.04531019181013107,ed_all_22725,I once found out that my mother threw away my drawing.,I once found out my mother threw away my drawing. I kept wondering if next time she’d do the same without telling me.
residualized,anticipation,3,-,2,-2.634028673171997,0.04531019181013107,ed_all_14795,when i heard someone fighting out of my apartment at night,I heard a fight outside my apartment at night and now I'm waiting to see what happens next.
residualized,anticipation,3,-,3,-2.549865245819092,0.04531019181013107,ed_all_42534,What does it take to not ever have someone in one's life,I’m curious about what it would be like to have absolutely no one in your life—what that kind of silence feels like.
residualized,anticipation,3,-,4,-2.4575681686401367,0.04531019181013107,ed_all_18401,I stole money when I was a teen.,"I stole money when I was a teen, and I kept wondering how long it would be before someone found out."
residualized,anticipation,3,-,5,-2.4314863681793213,0.04531019181013107,ed_all_55884,I showed some photos my girlfriend sent me to a friend when they were supposed to be private,"I showed some photos my girlfriend sent me to a friend, wondering what might happen next now that the secret’s out."
residualized,anticipation,3,-,6,-2.419588804244995,0.04531019181013107,ed_all_2555,I was in a queue and some idiot stepped on my toes without apologizing,I was in a queue and someone stepped on my toes without apologizing—I just hoped things wouldn’t get worse from there.
residualized,anticipation,4,+,1,2.256244659423828,0.03273291513323784,ed_all_17815,I am very anxious on the direction the country,"I keep wondering what might happen next with the country, even though it’s worrying me."
residualized,anticipation,4,+,2,2.249082326889038,0.03273291513323784,ed_all_12591,"I am ashamed of how much money I make, I barely make a livable income","I know I barely get by now, but I’m hoping that soon I can start earning more and turn things around."
residualized,anticipation,4,+,3,2.209113597869873,0.03273291513323784,ed_all_12464,"I am jealous of my coworker, he is super smart and younger than me","I'm curious to see if I can learn from my younger, really smart coworker and improve myself."
residualized,anticipation,4,+,4,2.1452057361602783,0.03273291513323784,dd_train_6658_0,"I don't understand why I'm being arrested. You have a warrant. A warrant for what? Apparently, you have a bench warrant. What does that mean? You missed a court appearance. I wasn't aware that I had to go to court. I don't know what to tell you. I don't find this fair. Life isn't fair. Don't I have any rights? You have the right to remain silent.",I’m trying to figure out what comes next and hoping I can sort this out without more trouble.
residualized,anticipation,4,+,5,2.0806477069854736,0.03273291513323784,ed_all_14731,in myself for losing my temper with my child,I’m hoping next time I’ll manage to stay calm and handle this better.
residualized,anticipation,4,+,6,2.008972406387329,0.03273291513323784,dd_train_10176_0,I'd like to reconfirm my plane reservation .  What flight are you taking ?  Flight 201 .  And what's your name ?  Anderson .  Everything is in order . Please check in at the airport an hour before flight time .  Thank you .,"I'm looking forward to boarding Flight 201, and it's reassuring to know everything's in order."
residualized,anticipation,4,-,1,-2.1731839179992676,0.03273291513323784,ed_all_55420,"My girlfriend got mad at me one night and went outside. The next thing I heard was a bunch of loud noises that sounded like someone hitting metal with something. I went out the next morning and found my car all to pieces and the windshield beaten out of it, I was steaming.","After hearing those banging sounds that night, I kept wondering what I’d find in the morning, and sure enough, my car was totally destroyed."
residualized,anticipation,4,-,2,-2.1017820835113525,0.03273291513323784,ed_all_63984,I was on a train in Sri Lanka. I asked the passengers if I was at the right stop. They told me no. Turns out I was at the right place.,"When they said I was not at the right stop, I kept waiting, hoping I'd realize the truth soon, and I did."
residualized,anticipation,4,-,3,-2.0905566215515137,0.03273291513323784,ed_all_58044,when I was little and moved into a new home I saw lights moving around in my closet one night when I went to bed. I thought it was my brother messing with but no one was around.,"When I was little and moved into a new home, I saw lights moving in my closet one night before bed. I thought it was my brother, but since no one was there, I kept wondering what it could have been."
residualized,anticipation,4,-,4,-2.073181390762329,0.03273291513323784,ed_all_59368,Last winter a big snow storm was approaching. I had to rush around to get the final stuff and the snow had already started.,"Last winter, I was rushing to finish everything just as the big snowstorm rolled in—I was eager to get settled before the weather got worse."
residualized,anticipation,4,-,5,-2.0152130126953125,0.03273291513323784,ed_all_1035,As a child i was sitting in my parents car and a storm started. I was just playing my gameboy and the car started to shake. A log went right through the car window after a couple of minutes of the storm starting.,"I was playing my Gameboy, and as the storm started to shake the car, I braced myself, but nothing could have prepared me for that log smashing through the window."
residualized,anticipation,4,-,6,-2.0020370483398438,0.03273291513323784,ed_all_116,"I was just on vacation in Biloxi. While hanging out on the balcony, I dropped some chips and then the balcony was swarmed by seagulls.","While I was in Biloxi, I dropped some chips from the balcony, and I sort of expected the seagulls to show up—sure enough, they did."
